name,path,flag,flag_pred,label,label_pred,score,score_pred,show
ID_1387.jpg,datasets/graphic_design_1/ID_1387.jpg,0,0,2,2,0,0,True
ID_0552.jpg,datasets/graphic_design_1/ID_0552.jpg,0,0,2,2,0,0,True
ID_0369.jpg,datasets/graphic_design_1/ID_0369.jpg,0,0,2,2,0,0,True
ID_0149.jpg,datasets/graphic_design_1/ID_0149.jpg,0,0,2,2,0,0,True
ID_0401.jpg,datasets/graphic_design_1/ID_0401.jpg,0,0,2,2,0,0,True
ID_1343.jpg,datasets/graphic_design_1/ID_1343.jpg,0,0,2,2,0,0,True
ID_0279.jpg,datasets/graphic_design_1/ID_0279.jpg,0,0,2,2,0,0,True
ID_1344.jpg,datasets/graphic_design_1/ID_1344.jpg,0,0,2,2,0,0,True
ID_1115.jpg,datasets/graphic_design_1/ID_1115.jpg,0,0,2,2,0,0,True
ID_2241.jpg,datasets/graphic_design_1/ID_2241.jpg,0,0,2,2,0,0,True
ID_2684.jpg,datasets/graphic_design_1/ID_2684.jpg,0,0,2,2,0,0,True
ID_0234.jpg,datasets/graphic_design_1/ID_0234.jpg,0,0,1,1,0,0,True
ID_1543.jpg,datasets/graphic_design_1/ID_1543.jpg,0,0,1,1,0,0,True
ID_1938.jpg,datasets/graphic_design_1/ID_1938.jpg,0,0,2,2,0,0,True
ID_1404.jpg,datasets/graphic_design_1/ID_1404.jpg,0,0,1,1,0,0,True
ID_1501.jpg,datasets/graphic_design_1/ID_1501.jpg,0,0,2,2,0,0,True
ID_1628.jpg,datasets/graphic_design_1/ID_1628.jpg,0,0,1,1,0,0,True
ID_0798.jpg,datasets/graphic_design_1/ID_0798.jpg,0,0,1,1,0,0,True
ID_2846.jpg,datasets/graphic_design_1/ID_2846.jpg,0,0,1,1,0,0,True
ID_2127.jpg,datasets/graphic_design_1/ID_2127.jpg,0,0,1,1,0,0,True
ID_1225.jpg,datasets/graphic_design_1/ID_1225.jpg,0,0,2,2,0,0,True
ID_1098.jpg,datasets/graphic_design_1/ID_1098.jpg,0,0,2,2,0,0,True
ID_2232.jpg,datasets/graphic_design_1/ID_2232.jpg,0,0,1,1,0,0,True
ID_0075.jpg,datasets/graphic_design_1/ID_0075.jpg,0,0,2,2,0,0,True
ID_1962.jpg,datasets/graphic_design_1/ID_1962.jpg,0,0,1,1,0,0,True
ID_1193.jpg,datasets/graphic_design_1/ID_1193.jpg,0,0,2,2,0,0,True
ID_1625.jpg,datasets/graphic_design_1/ID_1625.jpg,0,0,1,1,0,0,True
ID_0183.jpg,datasets/graphic_design_1/ID_0183.jpg,0,0,2,2,0,0,True
ID_2570.jpg,datasets/graphic_design_1/ID_2570.jpg,0,0,1,1,0,0,True
ID_1475.jpg,datasets/graphic_design_1/ID_1475.jpg,0,0,2,2,0,0,True
ID_1096.jpg,datasets/graphic_design_1/ID_1096.jpg,0,0,2,2,0,0,True
ID_0814.jpg,datasets/graphic_design_1/ID_0814.jpg,0,0,2,2,0,0,True
ID_2216.jpg,datasets/graphic_design_1/ID_2216.jpg,0,0,1,1,0,0,True
ID_0231.jpg,datasets/graphic_design_1/ID_0231.jpg,0,0,2,2,0,0,True
ID_0419.jpg,datasets/graphic_design_1/ID_0419.jpg,0,0,2,2,0,0,True
ID_2363.jpg,datasets/graphic_design_1/ID_2363.jpg,0,0,1,1,0,0,True
ID_1088.jpg,datasets/graphic_design_1/ID_1088.jpg,0,0,2,2,0,0,True
ID_3043.jpg,datasets/graphic_design_1/ID_3043.jpg,0,0,1,1,0,0,True
ID_1484.jpg,datasets/graphic_design_1/ID_1484.jpg,0,0,2,2,0,0,True
ID_2584.jpg,datasets/graphic_design_1/ID_2584.jpg,0,0,1,1,0,0,True
ID_3202.jpg,datasets/graphic_design_1/ID_3202.jpg,0,0,2,2,0,0,True
ID_2031.jpg,datasets/graphic_design_1/ID_2031.jpg,0,0,1,1,0,0,True
ID_2346.jpg,datasets/graphic_design_1/ID_2346.jpg,0,0,1,1,0,0,True
ID_1066.jpg,datasets/graphic_design_1/ID_1066.jpg,0,0,1,1,0,0,True
ID_2873.jpg,datasets/graphic_design_1/ID_2873.jpg,0,0,1,1,0,0,True
ID_1672.jpg,datasets/graphic_design_1/ID_1672.jpg,0,0,1,1,0,0,True
ID_1309.jpg,datasets/graphic_design_1/ID_1309.jpg,0,0,2,2,0,0,True
ID_3149.jpg,datasets/graphic_design_1/ID_3149.jpg,0,0,2,2,0,0,True
ID_0917.jpg,datasets/graphic_design_1/ID_0917.jpg,0,0,2,2,0,0,True
ID_0857.jpg,datasets/graphic_design_1/ID_0857.jpg,0,0,2,2,0,0,True
ID_0666.jpg,datasets/graphic_design_1/ID_0666.jpg,0,0,2,2,0,0,True
ID_0277.jpg,datasets/graphic_design_1/ID_0277.jpg,0,0,1,1,0,0,True
ID_0305.jpg,datasets/graphic_design_1/ID_0305.jpg,0,0,2,2,0,0,True
ID_1483.jpg,datasets/graphic_design_1/ID_1483.jpg,0,0,2,2,0,0,True
ID_1614.jpg,datasets/graphic_design_1/ID_1614.jpg,0,0,2,2,0,0,True
ID_0542.jpg,datasets/graphic_design_1/ID_0542.jpg,0,0,2,2,0,0,True
ID_0989.jpg,datasets/graphic_design_1/ID_0989.jpg,0,0,2,2,0,0,True
ID_2381.jpg,datasets/graphic_design_1/ID_2381.jpg,0,0,1,1,0,0,True
ID_1110.jpg,datasets/graphic_design_1/ID_1110.jpg,0,0,2,2,0,0,True
ID_2080.jpg,datasets/graphic_design_1/ID_2080.jpg,0,0,1,1,0,0,True
ID_1565.jpg,datasets/graphic_design_1/ID_1565.jpg,0,0,2,2,0,0,True
ID_0945.jpg,datasets/graphic_design_1/ID_0945.jpg,0,0,2,2,0,0,True
ID_0650.jpg,datasets/graphic_design_1/ID_0650.jpg,0,0,1,1,0,0,True
ID_2048.jpg,datasets/graphic_design_1/ID_2048.jpg,0,0,1,1,0,0,True
ID_1245.jpg,datasets/graphic_design_1/ID_1245.jpg,0,0,2,2,0,0,True
ID_1416.jpg,datasets/graphic_design_1/ID_1416.jpg,0,0,2,2,0,0,True
ID_1013.jpg,datasets/graphic_design_1/ID_1013.jpg,0,0,2,2,0,0,True
ID_2533.jpg,datasets/graphic_design_1/ID_2533.jpg,0,0,1,1,0,0,True
ID_2443.jpg,datasets/graphic_design_1/ID_2443.jpg,0,0,1,1,0,0,True
ID_2142.jpg,datasets/graphic_design_1/ID_2142.jpg,0,0,1,1,0,0,True
ID_1040.jpg,datasets/graphic_design_1/ID_1040.jpg,0,0,2,2,0,0,True
ID_2759.jpg,datasets/graphic_design_1/ID_2759.jpg,0,0,1,1,0,0,True
ID_1029.jpg,datasets/graphic_design_1/ID_1029.jpg,0,0,2,2,0,0,True
ID_3227.jpg,datasets/graphic_design_1/ID_3227.jpg,0,0,2,2,0,0,True
ID_2281.jpg,datasets/graphic_design_1/ID_2281.jpg,0,0,1,1,0,0,True
ID_1049.jpg,datasets/graphic_design_1/ID_1049.jpg,0,0,2,2,0,0,True
ID_2964.jpg,datasets/graphic_design_1/ID_2964.jpg,0,0,2,2,0,0,True
ID_0991.jpg,datasets/graphic_design_1/ID_0991.jpg,0,0,2,2,0,0,True
ID_2066.jpg,datasets/graphic_design_1/ID_2066.jpg,0,0,1,1,0,0,True
ID_1828.jpg,datasets/graphic_design_1/ID_1828.jpg,0,0,1,1,0,0,True
ID_0735.jpg,datasets/graphic_design_1/ID_0735.jpg,0,0,1,1,0,0,True
ID_1239.jpg,datasets/graphic_design_1/ID_1239.jpg,0,0,2,2,0,0,True
ID_1014.jpg,datasets/graphic_design_1/ID_1014.jpg,0,0,2,2,0,0,True
ID_1909.jpg,datasets/graphic_design_1/ID_1909.jpg,0,0,1,1,0,0,True
ID_2159.jpg,datasets/graphic_design_1/ID_2159.jpg,0,0,1,1,0,0,True
ID_2882.jpg,datasets/graphic_design_1/ID_2882.jpg,0,0,1,1,0,0,True
ID_0825.jpg,datasets/graphic_design_1/ID_0825.jpg,0,0,2,2,0,0,True
ID_0326.jpg,datasets/graphic_design_1/ID_0326.jpg,0,0,1,1,0,0,True
ID_1496.jpg,datasets/graphic_design_1/ID_1496.jpg,0,0,1,1,0,0,True
ID_0980.jpg,datasets/graphic_design_1/ID_0980.jpg,0,0,2,2,0,0,True
ID_2224.jpg,datasets/graphic_design_1/ID_2224.jpg,0,0,2,2,0,0,True
ID_0636.jpg,datasets/graphic_design_1/ID_0636.jpg,0,0,2,2,0,0,True
ID_1140.jpg,datasets/graphic_design_1/ID_1140.jpg,0,0,2,2,0,0,True
ID_1287.jpg,datasets/graphic_design_1/ID_1287.jpg,0,0,2,2,0,0,True
ID_1762.jpg,datasets/graphic_design_1/ID_1762.jpg,0,0,2,2,0,0,True
ID_1708.jpg,datasets/graphic_design_1/ID_1708.jpg,0,0,2,2,0,0,True
ID_2155.jpg,datasets/graphic_design_1/ID_2155.jpg,0,0,2,2,0,0,True
ID_2770.jpg,datasets/graphic_design_1/ID_2770.jpg,0,0,2,2,0,0,True
ID_0965.jpg,datasets/graphic_design_1/ID_0965.jpg,0,0,2,2,0,0,True
ID_2907.jpg,datasets/graphic_design_1/ID_2907.jpg,0,0,2,2,0,0,True
ID_1643.jpg,datasets/graphic_design_1/ID_1643.jpg,0,0,2,2,0,0,True
ID_1364.jpg,datasets/graphic_design_1/ID_1364.jpg,0,0,2,2,0,0,True
ID_1090.jpg,datasets/graphic_design_1/ID_1090.jpg,0,0,2,2,0,0,True
ID_2814.jpg,datasets/graphic_design_1/ID_2814.jpg,0,0,2,2,0,0,True
ID_2867.jpg,datasets/graphic_design_1/ID_2867.jpg,0,0,2,2,0,0,True
ID_1109.jpg,datasets/graphic_design_1/ID_1109.jpg,0,0,2,2,0,0,True
ID_0715.jpg,datasets/graphic_design_1/ID_0715.jpg,0,0,2,2,0,0,True
ID_1661.jpg,datasets/graphic_design_1/ID_1661.jpg,0,0,2,2,0,0,True
ID_0801.jpg,datasets/graphic_design_1/ID_0801.jpg,0,0,2,2,0,0,True
ID_3067.jpg,datasets/graphic_design_1/ID_3067.jpg,0,0,2,2,0,0,True
ID_0395.jpg,datasets/graphic_design_1/ID_0395.jpg,0,0,2,2,0,0,True
ID_2074.jpg,datasets/graphic_design_1/ID_2074.jpg,0,0,2,2,0,0,True
ID_3046.jpg,datasets/graphic_design_1/ID_3046.jpg,0,0,2,2,0,0,True
ID_1206.jpg,datasets/graphic_design_1/ID_1206.jpg,0,0,2,2,0,0,True
ID_0162.jpg,datasets/graphic_design_1/ID_0162.jpg,0,0,2,2,0,0,True
ID_3193.jpg,datasets/graphic_design_1/ID_3193.jpg,0,0,2,2,0,0,True
ID_1322.jpg,datasets/graphic_design_1/ID_1322.jpg,0,0,2,2,0,0,True
ID_2638.jpg,datasets/graphic_design_1/ID_2638.jpg,0,0,2,2,0,0,True
ID_0255.jpg,datasets/graphic_design_1/ID_0255.jpg,0,0,2,2,0,0,True
ID_3000.jpg,datasets/graphic_design_1/ID_3000.jpg,0,0,2,2,0,0,True
ID_1523.jpg,datasets/graphic_design_1/ID_1523.jpg,0,0,2,2,0,0,True
ID_2833.jpg,datasets/graphic_design_1/ID_2833.jpg,0,0,2,2,0,0,True
ID_1595.jpg,datasets/graphic_design_1/ID_1595.jpg,0,0,2,2,0,0,True
ID_2667.jpg,datasets/graphic_design_1/ID_2667.jpg,0,0,2,2,0,0,True
ID_0999.jpg,datasets/graphic_design_1/ID_0999.jpg,0,0,2,2,0,0,True
ID_1202.jpg,datasets/graphic_design_1/ID_1202.jpg,0,0,2,2,0,0,True
ID_2787.jpg,datasets/graphic_design_1/ID_2787.jpg,0,0,2,2,0,0,True
ID_0063.jpg,datasets/graphic_design_1/ID_0063.jpg,0,0,2,2,0,0,True
ID_0241.jpg,datasets/graphic_design_1/ID_0241.jpg,0,0,2,2,0,0,True
ID_1472.jpg,datasets/graphic_design_1/ID_1472.jpg,0,0,2,2,0,0,True
ID_2807.jpg,datasets/graphic_design_1/ID_2807.jpg,0,0,1,1,0,0,True
ID_1691.jpg,datasets/graphic_design_1/ID_1691.jpg,0,0,1,1,0,0,True
ID_0711.jpg,datasets/graphic_design_1/ID_0711.jpg,0,0,2,2,0,0,True
ID_3250.jpg,datasets/graphic_design_1/ID_3250.jpg,0,0,2,2,0,0,True
ID_1887.jpg,datasets/graphic_design_1/ID_1887.jpg,0,0,2,2,0,0,True
ID_2834.jpg,datasets/graphic_design_1/ID_2834.jpg,0,0,1,1,0,0,True
ID_0061.jpg,datasets/graphic_design_1/ID_0061.jpg,0,0,2,2,0,0,True
ID_2089.jpg,datasets/graphic_design_1/ID_2089.jpg,0,0,1,1,0,0,True
ID_2674.jpg,datasets/graphic_design_1/ID_2674.jpg,0,0,1,1,0,0,True
ID_2233.jpg,datasets/graphic_design_1/ID_2233.jpg,0,0,1,1,0,0,True
ID_2782.jpg,datasets/graphic_design_1/ID_2782.jpg,0,0,1,1,0,0,True
ID_2472.jpg,datasets/graphic_design_1/ID_2472.jpg,0,0,1,1,0,0,True
ID_1665.jpg,datasets/graphic_design_1/ID_1665.jpg,0,0,1,1,0,0,True
ID_0656.jpg,datasets/graphic_design_1/ID_0656.jpg,0,0,2,2,0,0,True
ID_0956.jpg,datasets/graphic_design_1/ID_0956.jpg,0,0,2,2,0,0,True
ID_0308.jpg,datasets/graphic_design_1/ID_0308.jpg,0,0,2,2,0,0,True
ID_0071.jpg,datasets/graphic_design_1/ID_0071.jpg,0,0,1,1,0,0,True
ID_1407.jpg,datasets/graphic_design_1/ID_1407.jpg,0,0,1,1,0,0,True
ID_2471.jpg,datasets/graphic_design_1/ID_2471.jpg,0,0,1,1,0,0,True
ID_1043.jpg,datasets/graphic_design_1/ID_1043.jpg,0,0,2,2,0,0,True
ID_1203.jpg,datasets/graphic_design_1/ID_1203.jpg,0,0,1,1,0,0,True
ID_2278.jpg,datasets/graphic_design_1/ID_2278.jpg,0,0,1,1,0,0,True
ID_1166.jpg,datasets/graphic_design_1/ID_1166.jpg,0,0,2,2,0,0,True
ID_3089.jpg,datasets/graphic_design_1/ID_3089.jpg,0,0,1,1,0,0,True
ID_1939.jpg,datasets/graphic_design_1/ID_1939.jpg,0,0,1,1,0,0,True
ID_1316.jpg,datasets/graphic_design_1/ID_1316.jpg,0,0,1,1,0,0,True
ID_1644.jpg,datasets/graphic_design_1/ID_1644.jpg,0,0,1,1,0,0,True
ID_2093.jpg,datasets/graphic_design_1/ID_2093.jpg,0,0,1,1,0,0,True
ID_0372.jpg,datasets/graphic_design_1/ID_0372.jpg,0,0,2,2,0,0,True
ID_2994.jpg,datasets/graphic_design_1/ID_2994.jpg,0,0,2,2,0,0,True
ID_2838.jpg,datasets/graphic_design_1/ID_2838.jpg,0,0,2,2,0,0,True
ID_1388.jpg,datasets/graphic_design_1/ID_1388.jpg,0,0,2,2,0,0,True
ID_1647.jpg,datasets/graphic_design_1/ID_1647.jpg,0,0,2,2,0,0,True
ID_2377.jpg,datasets/graphic_design_1/ID_2377.jpg,0,0,2,2,0,0,True
ID_2321.jpg,datasets/graphic_design_1/ID_2321.jpg,0,0,2,2,0,0,True
ID_1442.jpg,datasets/graphic_design_1/ID_1442.jpg,0,0,2,2,0,0,True
ID_2150.jpg,datasets/graphic_design_1/ID_2150.jpg,0,0,2,2,0,0,True
ID_0078.jpg,datasets/graphic_design_1/ID_0078.jpg,0,0,2,2,0,0,True
ID_0681.jpg,datasets/graphic_design_1/ID_0681.jpg,0,0,2,2,0,0,True
ID_2554.jpg,datasets/graphic_design_1/ID_2554.jpg,0,0,2,2,0,0,True
ID_2458.jpg,datasets/graphic_design_1/ID_2458.jpg,0,0,2,2,0,0,True
ID_0942.jpg,datasets/graphic_design_1/ID_0942.jpg,0,0,2,2,0,0,True
ID_1221.jpg,datasets/graphic_design_1/ID_1221.jpg,0,0,2,2,0,0,True
ID_1686.jpg,datasets/graphic_design_1/ID_1686.jpg,0,0,2,2,0,0,True
ID_1640.jpg,datasets/graphic_design_1/ID_1640.jpg,0,0,2,2,0,0,True
ID_2620.jpg,datasets/graphic_design_1/ID_2620.jpg,0,0,2,2,0,0,True
ID_1621.jpg,datasets/graphic_design_1/ID_1621.jpg,0,0,2,2,0,0,True
ID_2197.jpg,datasets/graphic_design_1/ID_2197.jpg,0,0,2,2,0,0,True
ID_1294.jpg,datasets/graphic_design_1/ID_1294.jpg,0,0,2,2,0,0,True
ID_1168.jpg,datasets/graphic_design_1/ID_1168.jpg,0,0,2,2,0,0,True
ID_2286.jpg,datasets/graphic_design_1/ID_2286.jpg,0,0,1,1,0,0,True
ID_1768.jpg,datasets/graphic_design_1/ID_1768.jpg,0,0,1,1,0,0,True
ID_0678.jpg,datasets/graphic_design_1/ID_0678.jpg,0,0,1,1,0,0,True
ID_2675.jpg,datasets/graphic_design_1/ID_2675.jpg,0,0,1,1,0,0,True
ID_2378.jpg,datasets/graphic_design_1/ID_2378.jpg,0,0,1,1,0,0,True
ID_1631.jpg,datasets/graphic_design_1/ID_1631.jpg,0,0,2,2,0,0,True
ID_1355.jpg,datasets/graphic_design_1/ID_1355.jpg,0,0,2,2,0,0,True
ID_1427.jpg,datasets/graphic_design_1/ID_1427.jpg,0,0,2,2,0,0,True
ID_1698.jpg,datasets/graphic_design_1/ID_1698.jpg,0,0,1,1,0,0,True
ID_1516.jpg,datasets/graphic_design_1/ID_1516.jpg,0,0,2,2,0,0,True
ID_0714.jpg,datasets/graphic_design_1/ID_0714.jpg,0,0,2,2,0,0,True
ID_2104.jpg,datasets/graphic_design_1/ID_2104.jpg,0,0,2,2,0,0,True
ID_1422.jpg,datasets/graphic_design_1/ID_1422.jpg,0,0,2,2,0,0,True
ID_0040.jpg,datasets/graphic_design_1/ID_0040.jpg,0,0,2,2,0,0,True
ID_1883.jpg,datasets/graphic_design_1/ID_1883.jpg,0,0,2,2,0,0,True
ID_1776.jpg,datasets/graphic_design_1/ID_1776.jpg,0,0,2,2,0,0,True
ID_0904.jpg,datasets/graphic_design_1/ID_0904.jpg,0,0,2,2,0,0,True
ID_1716.jpg,datasets/graphic_design_1/ID_1716.jpg,0,0,2,2,0,0,True
ID_0718.jpg,datasets/graphic_design_1/ID_0718.jpg,0,0,2,2,0,0,True
ID_2476.jpg,datasets/graphic_design_1/ID_2476.jpg,0,0,2,2,0,0,True
ID_1612.jpg,datasets/graphic_design_1/ID_1612.jpg,0,0,2,2,0,0,True
ID_3016.jpg,datasets/graphic_design_1/ID_3016.jpg,0,0,2,2,0,0,True
ID_2942.jpg,datasets/graphic_design_1/ID_2942.jpg,0,0,2,2,0,0,True
ID_1383.jpg,datasets/graphic_design_1/ID_1383.jpg,0,0,2,2,0,0,True
ID_3145.jpg,datasets/graphic_design_1/ID_3145.jpg,0,0,2,2,0,0,True
ID_1273.jpg,datasets/graphic_design_1/ID_1273.jpg,0,0,2,2,0,0,True
ID_3233.jpg,datasets/graphic_design_1/ID_3233.jpg,0,0,2,2,0,0,True
ID_3230.jpg,datasets/graphic_design_1/ID_3230.jpg,0,0,2,2,0,0,True
ID_0169.jpg,datasets/graphic_design_1/ID_0169.jpg,0,0,2,2,0,0,True
ID_3196.jpg,datasets/graphic_design_1/ID_3196.jpg,0,0,2,2,0,0,True
ID_3274.jpg,datasets/graphic_design_1/ID_3274.jpg,0,0,2,2,0,0,True
ID_2499.jpg,datasets/graphic_design_1/ID_2499.jpg,0,0,2,2,0,0,True
ID_2831.jpg,datasets/graphic_design_1/ID_2831.jpg,0,0,1,1,0,0,True
ID_2691.jpg,datasets/graphic_design_1/ID_2691.jpg,0,0,1,1,0,0,True
ID_0141.jpg,datasets/graphic_design_1/ID_0141.jpg,0,0,1,1,0,0,True
ID_0275.jpg,datasets/graphic_design_1/ID_0275.jpg,0,0,2,2,0,0,True
ID_3094.jpg,datasets/graphic_design_1/ID_3094.jpg,0,0,1,1,0,0,True
ID_2956.jpg,datasets/graphic_design_1/ID_2956.jpg,0,0,1,1,0,0,True
ID_1135.jpg,datasets/graphic_design_1/ID_1135.jpg,0,0,2,2,0,0,True
ID_2041.jpg,datasets/graphic_design_1/ID_2041.jpg,0,0,1,1,0,0,True
ID_3252.jpg,datasets/graphic_design_1/ID_3252.jpg,0,0,2,2,0,0,True
ID_1520.jpg,datasets/graphic_design_1/ID_1520.jpg,0,0,2,2,0,0,True
ID_3019.jpg,datasets/graphic_design_1/ID_3019.jpg,0,0,2,2,0,0,True
ID_0391.jpg,datasets/graphic_design_1/ID_0391.jpg,0,0,2,2,0,0,True
ID_2314.jpg,datasets/graphic_design_1/ID_2314.jpg,0,0,2,2,0,0,True
ID_1899.jpg,datasets/graphic_design_1/ID_1899.jpg,0,0,2,2,0,0,True
ID_0011.jpg,datasets/graphic_design_1/ID_0011.jpg,0,0,2,2,0,0,True
ID_0047.jpg,datasets/graphic_design_1/ID_0047.jpg,0,0,2,2,0,0,True
ID_1300.jpg,datasets/graphic_design_1/ID_1300.jpg,0,0,2,2,0,0,True
ID_0252.jpg,datasets/graphic_design_1/ID_0252.jpg,0,0,2,2,0,0,True
ID_3077.jpg,datasets/graphic_design_1/ID_3077.jpg,0,0,2,2,0,0,True
ID_1177.jpg,datasets/graphic_design_1/ID_1177.jpg,0,0,2,2,0,0,True
ID_1446.jpg,datasets/graphic_design_1/ID_1446.jpg,0,0,2,2,0,0,True
ID_1376.jpg,datasets/graphic_design_1/ID_1376.jpg,0,0,2,2,0,0,True
ID_2712.jpg,datasets/graphic_design_1/ID_2712.jpg,0,0,2,2,0,0,True
ID_1601.jpg,datasets/graphic_design_1/ID_1601.jpg,0,0,2,2,0,0,True
ID_1030.jpg,datasets/graphic_design_1/ID_1030.jpg,0,0,2,2,0,0,True
ID_2107.jpg,datasets/graphic_design_1/ID_2107.jpg,0,0,2,2,0,0,True
ID_2295.jpg,datasets/graphic_design_1/ID_2295.jpg,0,0,2,2,0,0,True
ID_2059.jpg,datasets/graphic_design_1/ID_2059.jpg,0,0,2,2,0,0,True
ID_0414.jpg,datasets/graphic_design_1/ID_0414.jpg,0,0,2,2,0,0,True
ID_0641.jpg,datasets/graphic_design_1/ID_0641.jpg,0,0,2,2,0,0,True
ID_0223.jpg,datasets/graphic_design_1/ID_0223.jpg,0,0,2,2,0,0,True
ID_0913.jpg,datasets/graphic_design_1/ID_0913.jpg,0,0,2,2,0,0,True
ID_1340.jpg,datasets/graphic_design_1/ID_1340.jpg,0,0,2,2,0,0,True
ID_2626.jpg,datasets/graphic_design_1/ID_2626.jpg,0,0,2,2,0,0,True
ID_0663.jpg,datasets/graphic_design_1/ID_0663.jpg,0,0,2,2,0,0,True
ID_2148.jpg,datasets/graphic_design_1/ID_2148.jpg,0,0,2,2,0,0,True
ID_1402.jpg,datasets/graphic_design_1/ID_1402.jpg,0,0,2,2,0,0,True
ID_2248.jpg,datasets/graphic_design_1/ID_2248.jpg,0,0,2,2,0,0,True
ID_2819.jpg,datasets/graphic_design_1/ID_2819.jpg,0,0,2,2,0,0,True
ID_0293.jpg,datasets/graphic_design_1/ID_0293.jpg,0,0,2,2,0,0,True
ID_1210.jpg,datasets/graphic_design_1/ID_1210.jpg,0,0,2,2,0,0,True
ID_0058.jpg,datasets/graphic_design_1/ID_0058.jpg,0,0,2,2,0,0,True
ID_2685.jpg,datasets/graphic_design_1/ID_2685.jpg,0,0,2,2,0,0,True
ID_1811.jpg,datasets/graphic_design_1/ID_1811.jpg,0,0,2,2,0,0,True
ID_2429.jpg,datasets/graphic_design_1/ID_2429.jpg,0,0,2,2,0,0,True
ID_1935.jpg,datasets/graphic_design_1/ID_1935.jpg,0,0,2,2,0,0,True
ID_2749.jpg,datasets/graphic_design_1/ID_2749.jpg,0,0,2,2,0,0,True
ID_0745.jpg,datasets/graphic_design_1/ID_0745.jpg,0,0,2,2,0,0,True
ID_1813.jpg,datasets/graphic_design_1/ID_1813.jpg,0,0,2,2,0,0,True
ID_0122.jpg,datasets/graphic_design_1/ID_0122.jpg,0,0,2,2,0,0,True
ID_0920.jpg,datasets/graphic_design_1/ID_0920.jpg,0,0,2,2,0,0,True
ID_0840.jpg,datasets/graphic_design_1/ID_0840.jpg,0,0,2,2,0,0,True
ID_0363.jpg,datasets/graphic_design_1/ID_0363.jpg,0,0,2,2,0,0,True
ID_2296.jpg,datasets/graphic_design_1/ID_2296.jpg,0,0,2,2,0,0,True
ID_3134.jpg,datasets/graphic_design_1/ID_3134.jpg,0,0,2,2,0,0,True
ID_0826.jpg,datasets/graphic_design_1/ID_0826.jpg,0,0,2,2,0,0,True
ID_3150.jpg,datasets/graphic_design_1/ID_3150.jpg,0,0,2,2,0,0,True
ID_3170.jpg,datasets/graphic_design_1/ID_3170.jpg,0,0,2,2,0,0,True
ID_1949.jpg,datasets/graphic_design_1/ID_1949.jpg,0,0,2,2,0,0,True
ID_6765.jpg,datasets/graphic_design_1/ID_6765.jpg,0,0,2,2,0,0,True
ID_3609.jpg,datasets/graphic_design_1/ID_3609.jpg,0,0,2,2,0,0,True
ID_6478.jpg,datasets/graphic_design_1/ID_6478.jpg,0,0,2,2,0,0,True
ID_4801.jpg,datasets/graphic_design_1/ID_4801.jpg,0,0,1,1,0,0,True
ID_4007.jpg,datasets/graphic_design_1/ID_4007.jpg,0,0,1,1,0,0,True
ID_4558.jpg,datasets/graphic_design_1/ID_4558.jpg,0,0,1,1,0,0,True
ID_6057.jpg,datasets/graphic_design_1/ID_6057.jpg,0,0,1,1,0,0,True
ID_6633.jpg,datasets/graphic_design_1/ID_6633.jpg,0,0,1,1,0,0,True
ID_4302.jpg,datasets/graphic_design_1/ID_4302.jpg,0,0,1,1,0,0,True
ID_7059.jpg,datasets/graphic_design_1/ID_7059.jpg,0,0,1,1,0,0,True
ID_6846.jpg,datasets/graphic_design_1/ID_6846.jpg,0,0,2,2,0,0,True
ID_7028.jpg,datasets/graphic_design_1/ID_7028.jpg,0,0,2,2,0,0,True
ID_4393.jpg,datasets/graphic_design_1/ID_4393.jpg,0,0,2,2,0,0,True
ID_5279.jpg,datasets/graphic_design_1/ID_5279.jpg,0,0,2,2,0,0,True
ID_8146.jpg,datasets/graphic_design_1/ID_8146.jpg,0,0,2,2,0,0,True
ID_7761.jpg,datasets/graphic_design_1/ID_7761.jpg,0,0,2,2,0,0,True
ID_5534.jpg,datasets/graphic_design_1/ID_5534.jpg,0,0,2,2,0,0,True
ID_6594.jpg,datasets/graphic_design_1/ID_6594.jpg,0,0,2,2,0,0,True
ID_7890.jpg,datasets/graphic_design_1/ID_7890.jpg,0,0,2,2,0,0,True
ID_4078.jpg,datasets/graphic_design_1/ID_4078.jpg,0,0,2,2,0,0,True
ID_5972.jpg,datasets/graphic_design_1/ID_5972.jpg,0,0,2,2,0,0,True
ID_6672.jpg,datasets/graphic_design_1/ID_6672.jpg,0,0,2,2,0,0,True
ID_7281.jpg,datasets/graphic_design_1/ID_7281.jpg,0,0,2,2,0,0,True
ID_5266.jpg,datasets/graphic_design_1/ID_5266.jpg,0,0,2,2,0,0,True
ID_5331.jpg,datasets/graphic_design_1/ID_5331.jpg,0,0,2,2,0,0,True
ID_3853.jpg,datasets/graphic_design_1/ID_3853.jpg,0,0,2,2,0,0,True
ID_7759.jpg,datasets/graphic_design_1/ID_7759.jpg,0,0,2,2,0,0,True
ID_5999.jpg,datasets/graphic_design_1/ID_5999.jpg,0,0,2,2,0,0,True
ID_7571.jpg,datasets/graphic_design_1/ID_7571.jpg,0,0,2,2,0,0,True
ID_4297.jpg,datasets/graphic_design_1/ID_4297.jpg,0,0,2,2,0,0,True
ID_5781.jpg,datasets/graphic_design_1/ID_5781.jpg,0,0,2,2,0,0,True
ID_4589.jpg,datasets/graphic_design_1/ID_4589.jpg,0,0,1,1,0,0,True
ID_7601.jpg,datasets/graphic_design_1/ID_7601.jpg,0,0,2,2,0,0,True
ID_3741.jpg,datasets/graphic_design_1/ID_3741.jpg,0,0,2,2,0,0,True
ID_4878.jpg,datasets/graphic_design_1/ID_4878.jpg,0,0,1,1,0,0,True
ID_3772.jpg,datasets/graphic_design_1/ID_3772.jpg,0,0,1,1,0,0,True
ID_4033.jpg,datasets/graphic_design_1/ID_4033.jpg,0,0,1,1,0,0,True
ID_8293.jpg,datasets/graphic_design_1/ID_8293.jpg,0,0,1,1,0,0,True
ID_8273.jpg,datasets/graphic_design_1/ID_8273.jpg,0,0,1,1,0,0,True
ID_3885.jpg,datasets/graphic_design_1/ID_3885.jpg,0,0,1,1,0,0,True
ID_5957.jpg,datasets/graphic_design_1/ID_5957.jpg,0,0,2,2,0,0,True
ID_7334.jpg,datasets/graphic_design_1/ID_7334.jpg,0,0,2,2,0,0,True
ID_5162.jpg,datasets/graphic_design_1/ID_5162.jpg,0,0,2,2,0,0,True
ID_6754.jpg,datasets/graphic_design_1/ID_6754.jpg,0,0,2,2,0,0,True
ID_5550.jpg,datasets/graphic_design_1/ID_5550.jpg,0,0,2,2,0,0,True
ID_3600.jpg,datasets/graphic_design_1/ID_3600.jpg,0,0,2,2,0,0,True
ID_3945.jpg,datasets/graphic_design_1/ID_3945.jpg,0,0,2,2,0,0,True
ID_4492.jpg,datasets/graphic_design_1/ID_4492.jpg,0,0,2,2,0,0,True
ID_4016.jpg,datasets/graphic_design_1/ID_4016.jpg,0,0,2,2,0,0,True
ID_4947.jpg,datasets/graphic_design_1/ID_4947.jpg,0,0,2,2,0,0,True
ID_7107.jpg,datasets/graphic_design_1/ID_7107.jpg,0,0,2,2,0,0,True
ID_4899.jpg,datasets/graphic_design_1/ID_4899.jpg,0,0,1,1,0,0,True
ID_5615.jpg,datasets/graphic_design_1/ID_5615.jpg,0,0,1,1,0,0,True
ID_4476.jpg,datasets/graphic_design_1/ID_4476.jpg,0,0,2,2,0,0,True
ID_6530.jpg,datasets/graphic_design_1/ID_6530.jpg,0,0,2,2,0,0,True
ID_3657.jpg,datasets/graphic_design_1/ID_3657.jpg,0,0,2,2,0,0,True
ID_7348.jpg,datasets/graphic_design_1/ID_7348.jpg,0,0,1,1,0,0,True
ID_5261.jpg,datasets/graphic_design_1/ID_5261.jpg,0,0,1,1,0,0,True
ID_4741.jpg,datasets/graphic_design_1/ID_4741.jpg,0,0,2,2,0,0,True
ID_3708.jpg,datasets/graphic_design_1/ID_3708.jpg,0,0,2,2,0,0,True
ID_3734.jpg,datasets/graphic_design_1/ID_3734.jpg,0,0,2,2,0,0,True
ID_6507.jpg,datasets/graphic_design_1/ID_6507.jpg,0,0,2,2,0,0,True
ID_3992.jpg,datasets/graphic_design_1/ID_3992.jpg,0,0,2,2,0,0,True
ID_6408.jpg,datasets/graphic_design_1/ID_6408.jpg,0,0,2,2,0,0,True
ID_7569.jpg,datasets/graphic_design_1/ID_7569.jpg,0,0,2,2,0,0,True
ID_5161.jpg,datasets/graphic_design_1/ID_5161.jpg,0,0,2,2,0,0,True
ID_7129.jpg,datasets/graphic_design_1/ID_7129.jpg,0,0,2,2,0,0,True
ID_8435.jpg,datasets/graphic_design_1/ID_8435.jpg,0,0,2,2,0,0,True
ID_6686.jpg,datasets/graphic_design_1/ID_6686.jpg,0,0,2,2,0,0,True
ID_7655.jpg,datasets/graphic_design_1/ID_7655.jpg,0,0,2,2,0,0,True
ID_6330.jpg,datasets/graphic_design_1/ID_6330.jpg,0,0,2,2,0,0,True
ID_6967.jpg,datasets/graphic_design_1/ID_6967.jpg,0,0,2,2,0,0,True
ID_6944.jpg,datasets/graphic_design_1/ID_6944.jpg,0,0,2,2,0,0,True
ID_3807.jpg,datasets/graphic_design_1/ID_3807.jpg,0,0,2,2,0,0,True
ID_3700.jpg,datasets/graphic_design_1/ID_3700.jpg,0,0,2,2,0,0,True
ID_7882.jpg,datasets/graphic_design_1/ID_7882.jpg,0,0,2,2,0,0,True
ID_7968.jpg,datasets/graphic_design_1/ID_7968.jpg,0,0,2,2,0,0,True
ID_4114.jpg,datasets/graphic_design_1/ID_4114.jpg,0,0,2,2,0,0,True
ID_7365.jpg,datasets/graphic_design_1/ID_7365.jpg,0,0,2,2,0,0,True
ID_8476.jpg,datasets/graphic_design_1/ID_8476.jpg,0,0,2,2,0,0,True
ID_5140.jpg,datasets/graphic_design_1/ID_5140.jpg,0,0,1,1,0,0,True
ID_4529.jpg,datasets/graphic_design_1/ID_4529.jpg,0,0,1,1,0,0,True
ID_4168.jpg,datasets/graphic_design_1/ID_4168.jpg,0,0,2,2,0,0,True
ID_7356.jpg,datasets/graphic_design_1/ID_7356.jpg,0,0,1,1,0,0,True
ID_5151.jpg,datasets/graphic_design_1/ID_5151.jpg,0,0,1,1,0,0,True
ID_8173.jpg,datasets/graphic_design_1/ID_8173.jpg,0,0,1,1,0,0,True
ID_6868.jpg,datasets/graphic_design_1/ID_6868.jpg,0,0,1,1,0,0,True
ID_6472.jpg,datasets/graphic_design_1/ID_6472.jpg,0,0,2,2,0,0,True
ID_7210.jpg,datasets/graphic_design_1/ID_7210.jpg,0,0,1,1,0,0,True
ID_7612.jpg,datasets/graphic_design_1/ID_7612.jpg,0,0,1,1,0,0,True
ID_4225.jpg,datasets/graphic_design_1/ID_4225.jpg,0,0,2,2,0,0,True
ID_7924.jpg,datasets/graphic_design_1/ID_7924.jpg,0,0,2,2,0,0,True
ID_4695.jpg,datasets/graphic_design_1/ID_4695.jpg,0,0,2,2,0,0,True
ID_7071.jpg,datasets/graphic_design_1/ID_7071.jpg,0,0,2,2,0,0,True
ID_4388.jpg,datasets/graphic_design_1/ID_4388.jpg,0,0,2,2,0,0,True
ID_8553.jpg,datasets/graphic_design_1/ID_8553.jpg,0,0,2,2,0,0,True
ID_4471.jpg,datasets/graphic_design_1/ID_4471.jpg,0,0,2,2,0,0,True
ID_6681.jpg,datasets/graphic_design_1/ID_6681.jpg,0,0,2,2,0,0,True
ID_8478.jpg,datasets/graphic_design_1/ID_8478.jpg,0,0,2,2,0,0,True
ID_4969.jpg,datasets/graphic_design_1/ID_4969.jpg,0,0,2,2,0,0,True
ID_4662.jpg,datasets/graphic_design_1/ID_4662.jpg,0,0,2,2,0,0,True
ID_4361.jpg,datasets/graphic_design_1/ID_4361.jpg,0,0,2,2,0,0,True
ID_7736.jpg,datasets/graphic_design_1/ID_7736.jpg,0,0,2,2,0,0,True
ID_7533.jpg,datasets/graphic_design_1/ID_7533.jpg,0,0,2,2,0,0,True
ID_5231.jpg,datasets/graphic_design_1/ID_5231.jpg,0,0,2,2,0,0,True
ID_8075.jpg,datasets/graphic_design_1/ID_8075.jpg,0,0,2,2,0,0,True
ID_7080.jpg,datasets/graphic_design_1/ID_7080.jpg,0,0,2,2,0,0,True
ID_6339.jpg,datasets/graphic_design_1/ID_6339.jpg,0,0,2,2,0,0,True
ID_5892.jpg,datasets/graphic_design_1/ID_5892.jpg,0,0,2,2,0,0,True
ID_5709.jpg,datasets/graphic_design_1/ID_5709.jpg,0,0,2,2,0,0,True
ID_8023.jpg,datasets/graphic_design_1/ID_8023.jpg,0,0,2,2,0,0,True
ID_7734.jpg,datasets/graphic_design_1/ID_7734.jpg,0,0,1,1,0,0,True
ID_7547.jpg,datasets/graphic_design_1/ID_7547.jpg,0,0,1,1,0,0,True
ID_4513.jpg,datasets/graphic_design_1/ID_4513.jpg,0,0,1,1,0,0,True
ID_3809.jpg,datasets/graphic_design_1/ID_3809.jpg,0,0,1,1,0,0,True
ID_3926.jpg,datasets/graphic_design_1/ID_3926.jpg,0,0,1,1,0,0,True
ID_6940.jpg,datasets/graphic_design_1/ID_6940.jpg,0,0,2,2,0,0,True
ID_4231.jpg,datasets/graphic_design_1/ID_4231.jpg,0,0,1,1,0,0,True
ID_4738.jpg,datasets/graphic_design_1/ID_4738.jpg,0,0,2,2,0,0,True
ID_4163.jpg,datasets/graphic_design_1/ID_4163.jpg,0,0,1,1,0,0,True
ID_4435.jpg,datasets/graphic_design_1/ID_4435.jpg,0,0,2,2,0,0,True
ID_6388.jpg,datasets/graphic_design_1/ID_6388.jpg,0,0,2,2,0,0,True
ID_7355.jpg,datasets/graphic_design_1/ID_7355.jpg,0,0,2,2,0,0,True
ID_3814.jpg,datasets/graphic_design_1/ID_3814.jpg,0,0,2,2,0,0,True
ID_5855.jpg,datasets/graphic_design_1/ID_5855.jpg,0,0,2,2,0,0,True
ID_5953.jpg,datasets/graphic_design_1/ID_5953.jpg,0,0,2,2,0,0,True
ID_7170.jpg,datasets/graphic_design_1/ID_7170.jpg,0,0,2,2,0,0,True
ID_8313.jpg,datasets/graphic_design_1/ID_8313.jpg,0,0,2,2,0,0,True
ID_7280.jpg,datasets/graphic_design_1/ID_7280.jpg,0,0,2,2,0,0,True
ID_8152.jpg,datasets/graphic_design_1/ID_8152.jpg,0,0,2,2,0,0,True
ID_7004.jpg,datasets/graphic_design_1/ID_7004.jpg,0,0,2,2,0,0,True
ID_4439.jpg,datasets/graphic_design_1/ID_4439.jpg,0,0,2,2,0,0,True
ID_5597.jpg,datasets/graphic_design_1/ID_5597.jpg,0,0,2,2,0,0,True
ID_6558.jpg,datasets/graphic_design_1/ID_6558.jpg,0,0,2,2,0,0,True
ID_6829.jpg,datasets/graphic_design_1/ID_6829.jpg,0,0,2,2,0,0,True
ID_5370.jpg,datasets/graphic_design_1/ID_5370.jpg,0,0,2,2,0,0,True
ID_4734.jpg,datasets/graphic_design_1/ID_4734.jpg,0,0,2,2,0,0,True
ID_7706.jpg,datasets/graphic_design_1/ID_7706.jpg,0,0,2,2,0,0,True
ID_4696.jpg,datasets/graphic_design_1/ID_4696.jpg,0,0,2,2,0,0,True
ID_4454.jpg,datasets/graphic_design_1/ID_4454.jpg,0,0,2,2,0,0,True
ID_5458.jpg,datasets/graphic_design_1/ID_5458.jpg,0,0,2,2,0,0,True
ID_6076.jpg,datasets/graphic_design_1/ID_6076.jpg,0,0,2,2,0,0,True
ID_4088.jpg,datasets/graphic_design_1/ID_4088.jpg,0,0,2,2,0,0,True
ID_4977.jpg,datasets/graphic_design_1/ID_4977.jpg,0,0,2,2,0,0,True
ID_8312.jpg,datasets/graphic_design_1/ID_8312.jpg,0,0,1,1,0,0,True
ID_8359.jpg,datasets/graphic_design_1/ID_8359.jpg,0,0,2,2,0,0,True
ID_8129.jpg,datasets/graphic_design_1/ID_8129.jpg,0,0,1,1,0,0,True
ID_5639.jpg,datasets/graphic_design_1/ID_5639.jpg,0,0,2,2,0,0,True
ID_5114.jpg,datasets/graphic_design_1/ID_5114.jpg,0,0,2,2,0,0,True
ID_4591.jpg,datasets/graphic_design_1/ID_4591.jpg,0,0,2,2,0,0,True
ID_7559.jpg,datasets/graphic_design_1/ID_7559.jpg,0,0,2,2,0,0,True
ID_5213.jpg,datasets/graphic_design_1/ID_5213.jpg,0,0,2,2,0,0,True
ID_7093.jpg,datasets/graphic_design_1/ID_7093.jpg,0,0,2,2,0,0,True
ID_4664.jpg,datasets/graphic_design_1/ID_4664.jpg,0,0,2,2,0,0,True
ID_5622.jpg,datasets/graphic_design_1/ID_5622.jpg,0,0,2,2,0,0,True
ID_4567.jpg,datasets/graphic_design_1/ID_4567.jpg,0,0,2,2,0,0,True
ID_7104.jpg,datasets/graphic_design_1/ID_7104.jpg,0,0,2,2,0,0,True
ID_7928.jpg,datasets/graphic_design_1/ID_7928.jpg,0,0,2,2,0,0,True
ID_8330.jpg,datasets/graphic_design_1/ID_8330.jpg,0,0,2,2,0,0,True
ID_8402.jpg,datasets/graphic_design_1/ID_8402.jpg,0,0,2,2,0,0,True
ID_4468.jpg,datasets/graphic_design_1/ID_4468.jpg,0,0,1,1,0,0,True
ID_5596.jpg,datasets/graphic_design_1/ID_5596.jpg,0,0,1,1,0,0,True
ID_4588.jpg,datasets/graphic_design_1/ID_4588.jpg,0,0,1,1,0,0,True
ID_5696.jpg,datasets/graphic_design_1/ID_5696.jpg,0,0,2,2,0,0,True
ID_4449.jpg,datasets/graphic_design_1/ID_4449.jpg,0,0,1,1,0,0,True
ID_5923.jpg,datasets/graphic_design_1/ID_5923.jpg,0,0,1,1,0,0,True
ID_6325.jpg,datasets/graphic_design_1/ID_6325.jpg,0,0,1,1,0,0,True
ID_6791.jpg,datasets/graphic_design_1/ID_6791.jpg,0,0,1,1,0,0,True
ID_5595.jpg,datasets/graphic_design_1/ID_5595.jpg,0,0,2,2,0,0,True
ID_8213.jpg,datasets/graphic_design_1/ID_8213.jpg,0,0,1,1,0,0,True
ID_6625.jpg,datasets/graphic_design_1/ID_6625.jpg,0,0,2,2,0,0,True
ID_8024.jpg,datasets/graphic_design_1/ID_8024.jpg,0,0,2,2,0,0,True
ID_8439.jpg,datasets/graphic_design_1/ID_8439.jpg,0,0,2,2,0,0,True
ID_7477.jpg,datasets/graphic_design_1/ID_7477.jpg,0,0,2,2,0,0,True
ID_4679.jpg,datasets/graphic_design_1/ID_4679.jpg,0,0,2,2,0,0,True
ID_5024.jpg,datasets/graphic_design_1/ID_5024.jpg,0,0,2,2,0,0,True
ID_4803.jpg,datasets/graphic_design_1/ID_4803.jpg,0,0,2,2,0,0,True
ID_5240.jpg,datasets/graphic_design_1/ID_5240.jpg,0,0,2,2,0,0,True
ID_4169.jpg,datasets/graphic_design_1/ID_4169.jpg,0,0,2,2,0,0,True
ID_5058.jpg,datasets/graphic_design_1/ID_5058.jpg,0,0,2,2,0,0,True
ID_7378.jpg,datasets/graphic_design_1/ID_7378.jpg,0,0,2,2,0,0,True
ID_7401.jpg,datasets/graphic_design_1/ID_7401.jpg,0,0,2,2,0,0,True
ID_4400.jpg,datasets/graphic_design_1/ID_4400.jpg,0,0,2,2,0,0,True
ID_7651.jpg,datasets/graphic_design_1/ID_7651.jpg,0,0,2,2,0,0,True
ID_5605.jpg,datasets/graphic_design_1/ID_5605.jpg,0,0,2,2,0,0,True
ID_8319.jpg,datasets/graphic_design_1/ID_8319.jpg,0,0,2,2,0,0,True
ID_7122.jpg,datasets/graphic_design_1/ID_7122.jpg,0,0,2,2,0,0,True
ID_8351.jpg,datasets/graphic_design_1/ID_8351.jpg,0,0,2,2,0,0,True
ID_4970.jpg,datasets/graphic_design_1/ID_4970.jpg,0,0,2,2,0,0,True
ID_7763.jpg,datasets/graphic_design_1/ID_7763.jpg,0,0,2,2,0,0,True
ID_6471.jpg,datasets/graphic_design_1/ID_6471.jpg,0,0,2,2,0,0,True
ID_4175.jpg,datasets/graphic_design_1/ID_4175.jpg,0,0,1,1,0,0,True
ID_5479.jpg,datasets/graphic_design_1/ID_5479.jpg,0,0,2,2,0,0,True
ID_7844.jpg,datasets/graphic_design_1/ID_7844.jpg,0,0,2,2,0,0,True
ID_5516.jpg,datasets/graphic_design_1/ID_5516.jpg,0,0,1,1,0,0,True
ID_6293.jpg,datasets/graphic_design_1/ID_6293.jpg,0,0,1,1,0,0,True
ID_7906.jpg,datasets/graphic_design_1/ID_7906.jpg,0,0,1,1,0,0,True
ID_4538.jpg,datasets/graphic_design_1/ID_4538.jpg,0,0,1,1,0,0,True
ID_6910.jpg,datasets/graphic_design_1/ID_6910.jpg,0,0,1,1,0,0,True
ID_4731.jpg,datasets/graphic_design_1/ID_4731.jpg,0,0,1,1,0,0,True
ID_5362.jpg,datasets/graphic_design_1/ID_5362.jpg,0,0,2,2,0,0,True
ID_5200.jpg,datasets/graphic_design_1/ID_5200.jpg,0,0,2,2,0,0,True
ID_6607.jpg,datasets/graphic_design_1/ID_6607.jpg,0,0,2,2,0,0,True
ID_6312.jpg,datasets/graphic_design_1/ID_6312.jpg,0,0,2,2,0,0,True
ID_7264.jpg,datasets/graphic_design_1/ID_7264.jpg,0,0,2,2,0,0,True
ID_8167.jpg,datasets/graphic_design_1/ID_8167.jpg,0,0,2,2,0,0,True
ID_7362.jpg,datasets/graphic_design_1/ID_7362.jpg,0,0,2,2,0,0,True
ID_7549.jpg,datasets/graphic_design_1/ID_7549.jpg,0,0,2,2,0,0,True
ID_7228.jpg,datasets/graphic_design_1/ID_7228.jpg,0,0,2,2,0,0,True
ID_7422.jpg,datasets/graphic_design_1/ID_7422.jpg,0,0,2,2,0,0,True
ID_6481.jpg,datasets/graphic_design_1/ID_6481.jpg,0,0,1,1,0,0,True
ID_3940.jpg,datasets/graphic_design_1/ID_3940.jpg,0,0,1,1,0,0,True
ID_5959.jpg,datasets/graphic_design_1/ID_5959.jpg,0,0,1,1,0,0,True
ID_8459.jpg,datasets/graphic_design_1/ID_8459.jpg,0,0,2,2,0,0,True
ID_4874.jpg,datasets/graphic_design_1/ID_4874.jpg,0,0,2,2,0,0,True
ID_5536.jpg,datasets/graphic_design_1/ID_5536.jpg,0,0,1,1,0,0,True
ID_6903.jpg,datasets/graphic_design_1/ID_6903.jpg,0,0,2,2,0,0,True
ID_6691.jpg,datasets/graphic_design_1/ID_6691.jpg,0,0,2,2,0,0,True
ID_5377.jpg,datasets/graphic_design_1/ID_5377.jpg,0,0,1,1,0,0,True
ID_5322.jpg,datasets/graphic_design_1/ID_5322.jpg,0,0,2,2,0,0,True
ID_7478.jpg,datasets/graphic_design_1/ID_7478.jpg,0,0,2,2,0,0,True
ID_4493.jpg,datasets/graphic_design_1/ID_4493.jpg,0,0,2,2,0,0,True
ID_7409.jpg,datasets/graphic_design_1/ID_7409.jpg,0,0,2,2,0,0,True
ID_3702.jpg,datasets/graphic_design_1/ID_3702.jpg,0,0,2,2,0,0,True
ID_4917.jpg,datasets/graphic_design_1/ID_4917.jpg,0,0,2,2,0,0,True
ID_4330.jpg,datasets/graphic_design_1/ID_4330.jpg,0,0,2,2,0,0,True
ID_7745.jpg,datasets/graphic_design_1/ID_7745.jpg,0,0,2,2,0,0,True
ID_7679.jpg,datasets/graphic_design_1/ID_7679.jpg,0,0,2,2,0,0,True
ID_4479.jpg,datasets/graphic_design_1/ID_4479.jpg,0,0,2,2,0,0,True
ID_5211.jpg,datasets/graphic_design_1/ID_5211.jpg,0,0,2,2,0,0,True
ID_8141.jpg,datasets/graphic_design_1/ID_8141.jpg,0,0,2,2,0,0,True
ID_6750.jpg,datasets/graphic_design_1/ID_6750.jpg,0,0,2,2,0,0,True
ID_7132.jpg,datasets/graphic_design_1/ID_7132.jpg,0,0,2,2,0,0,True
ID_5360.jpg,datasets/graphic_design_1/ID_5360.jpg,0,0,2,2,0,0,True
ID_4537.jpg,datasets/graphic_design_1/ID_4537.jpg,0,0,2,2,0,0,True
ID_6602.jpg,datasets/graphic_design_1/ID_6602.jpg,0,0,2,2,0,0,True
ID_3952.jpg,datasets/graphic_design_1/ID_3952.jpg,0,0,2,2,0,0,True
ID_6650.jpg,datasets/graphic_design_1/ID_6650.jpg,0,0,2,2,0,0,True
ID_6305.jpg,datasets/graphic_design_1/ID_6305.jpg,0,0,2,2,0,0,True
ID_4931.jpg,datasets/graphic_design_1/ID_4931.jpg,0,0,2,2,0,0,True
ID_7662.jpg,datasets/graphic_design_1/ID_7662.jpg,0,0,2,2,0,0,True
ID_3907.jpg,datasets/graphic_design_1/ID_3907.jpg,0,0,2,2,0,0,True
ID_5376.jpg,datasets/graphic_design_1/ID_5376.jpg,0,0,2,2,0,0,True
ID_4937.jpg,datasets/graphic_design_1/ID_4937.jpg,0,0,2,2,0,0,True
ID_4577.jpg,datasets/graphic_design_1/ID_4577.jpg,0,0,2,2,0,0,True
ID_7323.jpg,datasets/graphic_design_1/ID_7323.jpg,0,0,2,2,0,0,True
ID_5720.jpg,datasets/graphic_design_1/ID_5720.jpg,0,0,2,2,0,0,True
ID_8429.jpg,datasets/graphic_design_1/ID_8429.jpg,0,0,2,2,0,0,True
ID_7811.jpg,datasets/graphic_design_1/ID_7811.jpg,0,0,2,2,0,0,True
ID_5608.jpg,datasets/graphic_design_1/ID_5608.jpg,0,0,2,2,0,0,True
ID_7206.jpg,datasets/graphic_design_1/ID_7206.jpg,0,0,2,2,0,0,True
ID_5226.jpg,datasets/graphic_design_1/ID_5226.jpg,0,0,2,2,0,0,True
ID_6350.jpg,datasets/graphic_design_1/ID_6350.jpg,0,0,2,2,0,0,True
ID_4063.jpg,datasets/graphic_design_1/ID_4063.jpg,0,0,2,2,0,0,True
ID_6418.jpg,datasets/graphic_design_1/ID_6418.jpg,0,0,2,2,0,0,True
ID_6275.jpg,datasets/graphic_design_1/ID_6275.jpg,0,0,2,2,0,0,True
ID_7178.jpg,datasets/graphic_design_1/ID_7178.jpg,0,0,2,2,0,0,True
ID_7182.jpg,datasets/graphic_design_1/ID_7182.jpg,0,0,2,2,0,0,True
ID_7611.jpg,datasets/graphic_design_1/ID_7611.jpg,0,0,2,2,0,0,True
ID_4164.jpg,datasets/graphic_design_1/ID_4164.jpg,0,0,2,2,0,0,True
ID_5006.jpg,datasets/graphic_design_1/ID_5006.jpg,0,0,2,2,0,0,True
ID_7431.jpg,datasets/graphic_design_1/ID_7431.jpg,0,0,2,2,0,0,True
ID_5515.jpg,datasets/graphic_design_1/ID_5515.jpg,0,0,2,2,0,0,True
ID_8466.jpg,datasets/graphic_design_1/ID_8466.jpg,0,0,2,2,0,0,True
ID_3964.jpg,datasets/graphic_design_1/ID_3964.jpg,0,0,2,2,0,0,True
ID_5713.jpg,datasets/graphic_design_1/ID_5713.jpg,0,0,2,2,0,0,True
ID_8414.jpg,datasets/graphic_design_1/ID_8414.jpg,0,0,2,2,0,0,True
ID_3818.jpg,datasets/graphic_design_1/ID_3818.jpg,0,0,2,2,0,0,True
ID_6941.jpg,datasets/graphic_design_1/ID_6941.jpg,0,0,2,2,0,0,True
ID_6710.jpg,datasets/graphic_design_1/ID_6710.jpg,0,0,2,2,0,0,True
ID_6977.jpg,datasets/graphic_design_1/ID_6977.jpg,0,0,2,2,0,0,True
ID_3954.jpg,datasets/graphic_design_1/ID_3954.jpg,0,0,2,2,0,0,True
ID_3613.jpg,datasets/graphic_design_1/ID_3613.jpg,0,0,1,1,0,0,True
ID_8369.jpg,datasets/graphic_design_1/ID_8369.jpg,0,0,1,1,0,0,True
ID_7893.jpg,datasets/graphic_design_1/ID_7893.jpg,0,0,2,2,0,0,True
ID_5747.jpg,datasets/graphic_design_1/ID_5747.jpg,0,0,1,1,0,0,True
ID_6743.jpg,datasets/graphic_design_1/ID_6743.jpg,0,0,1,1,0,0,True
ID_6992.jpg,datasets/graphic_design_1/ID_6992.jpg,0,0,2,2,0,0,True
ID_6414.jpg,datasets/graphic_design_1/ID_6414.jpg,0,0,2,2,0,0,True
ID_7628.jpg,datasets/graphic_design_1/ID_7628.jpg,0,0,2,2,0,0,True
ID_8193.jpg,datasets/graphic_design_1/ID_8193.jpg,0,0,2,2,0,0,True
ID_5280.jpg,datasets/graphic_design_1/ID_5280.jpg,0,0,2,2,0,0,True
ID_8391.jpg,datasets/graphic_design_1/ID_8391.jpg,0,0,1,1,0,0,True
ID_4181.jpg,datasets/graphic_design_1/ID_4181.jpg,0,0,1,1,0,0,True
ID_4579.jpg,datasets/graphic_design_1/ID_4579.jpg,0,0,1,1,0,0,True
ID_6351.jpg,datasets/graphic_design_1/ID_6351.jpg,0,0,2,2,0,0,True
ID_6260.jpg,datasets/graphic_design_1/ID_6260.jpg,0,0,1,1,0,0,True
ID_5399.jpg,datasets/graphic_design_1/ID_5399.jpg,0,0,1,1,0,0,True
ID_4762.jpg,datasets/graphic_design_1/ID_4762.jpg,0,0,2,2,0,0,True
ID_5791.jpg,datasets/graphic_design_1/ID_5791.jpg,0,0,1,1,0,0,True
ID_6017.jpg,datasets/graphic_design_1/ID_6017.jpg,0,0,1,1,0,0,True
ID_4930.jpg,datasets/graphic_design_1/ID_4930.jpg,0,0,2,2,0,0,True
ID_6825.jpg,datasets/graphic_design_1/ID_6825.jpg,0,0,1,1,0,0,True
ID_4978.jpg,datasets/graphic_design_1/ID_4978.jpg,0,0,1,1,0,0,True
ID_5777.jpg,datasets/graphic_design_1/ID_5777.jpg,0,0,1,1,0,0,True
ID_6666.jpg,datasets/graphic_design_1/ID_6666.jpg,0,0,1,1,0,0,True
ID_3898.jpg,datasets/graphic_design_1/ID_3898.jpg,0,0,2,2,0,0,True
ID_5070.jpg,datasets/graphic_design_1/ID_5070.jpg,0,0,2,2,0,0,True
ID_5931.jpg,datasets/graphic_design_1/ID_5931.jpg,0,0,1,1,0,0,True
ID_8303.jpg,datasets/graphic_design_1/ID_8303.jpg,0,0,1,1,0,0,True
ID_5643.jpg,datasets/graphic_design_1/ID_5643.jpg,0,0,1,1,0,0,True
ID_6487.jpg,datasets/graphic_design_1/ID_6487.jpg,0,0,1,1,0,0,True
ID_5342.jpg,datasets/graphic_design_1/ID_5342.jpg,0,0,2,2,0,0,True
ID_5429.jpg,datasets/graphic_design_1/ID_5429.jpg,0,0,1,1,0,0,True
ID_4226.jpg,datasets/graphic_design_1/ID_4226.jpg,0,0,1,1,0,0,True
ID_4342.jpg,datasets/graphic_design_1/ID_4342.jpg,0,0,1,1,0,0,True
ID_1299.jpg,datasets/graphic_design_1/ID_1299.jpg,0,0,1,1,0,0,True
ID_4661.jpg,datasets/graphic_design_1/ID_4661.jpg,0,0,2,2,0,0,True
ID_6525.jpg,datasets/graphic_design_1/ID_6525.jpg,0,0,2,2,0,0,True
ID_7726.jpg,datasets/graphic_design_1/ID_7726.jpg,0,0,1,1,0,0,True
ID_7177.jpg,datasets/graphic_design_1/ID_7177.jpg,0,0,2,2,0,0,True
ID_6154.jpg,datasets/graphic_design_1/ID_6154.jpg,0,0,2,2,0,0,True
ID_7867.jpg,datasets/graphic_design_1/ID_7867.jpg,0,0,1,1,0,0,True
ID_6798.jpg,datasets/graphic_design_1/ID_6798.jpg,0,0,2,2,0,0,True
ID_1165.jpg,datasets/graphic_design_1/ID_1165.jpg,0,0,2,2,0,0,True
ID_0386.jpg,datasets/graphic_design_1/ID_0386.jpg,0,0,1,1,0,0,True
ID_2728.jpg,datasets/graphic_design_1/ID_2728.jpg,0,0,1,1,0,0,True
ID_0822.jpg,datasets/graphic_design_1/ID_0822.jpg,0,0,2,2,0,0,True
ID_7689.jpg,datasets/graphic_design_1/ID_7689.jpg,0,0,2,2,0,0,True
ID_6599.jpg,datasets/graphic_design_1/ID_6599.jpg,0,0,1,1,0,0,True
ID_6131.jpg,datasets/graphic_design_1/ID_6131.jpg,0,0,2,2,0,0,True
ID_0033.jpg,datasets/graphic_design_1/ID_0033.jpg,0,0,2,2,0,0,True
ID_2454.jpg,datasets/graphic_design_1/ID_2454.jpg,0,0,1,1,0,0,True
ID_1794.jpg,datasets/graphic_design_1/ID_1794.jpg,0,0,2,2,0,0,True
ID_2768.jpg,datasets/graphic_design_1/ID_2768.jpg,0,0,1,1,0,0,True
ID_7308.jpg,datasets/graphic_design_1/ID_7308.jpg,0,0,2,2,0,0,True
ID_8249.jpg,datasets/graphic_design_1/ID_8249.jpg,0,0,1,1,0,0,True
ID_7364.jpg,datasets/graphic_design_1/ID_7364.jpg,0,0,1,1,0,0,True
ID_7851.jpg,datasets/graphic_design_1/ID_7851.jpg,0,0,2,2,0,0,True
ID_5349.jpg,datasets/graphic_design_1/ID_5349.jpg,0,0,2,2,0,0,True
ID_2018.jpg,datasets/graphic_design_1/ID_2018.jpg,0,0,1,1,0,0,True
ID_7818.jpg,datasets/graphic_design_1/ID_7818.jpg,0,0,2,2,0,0,True
ID_6780.jpg,datasets/graphic_design_1/ID_6780.jpg,0,0,2,2,0,0,True
ID_4967.jpg,datasets/graphic_design_1/ID_4967.jpg,0,0,2,2,0,0,True
ID_5148.jpg,datasets/graphic_design_1/ID_5148.jpg,0,0,1,1,0,0,True
ID_5649.jpg,datasets/graphic_design_1/ID_5649.jpg,0,0,2,2,0,0,True
ID_5441.jpg,datasets/graphic_design_1/ID_5441.jpg,0,0,2,2,0,0,True
ID_7060.jpg,datasets/graphic_design_1/ID_7060.jpg,0,0,1,1,0,0,True
ID_6212.jpg,datasets/graphic_design_1/ID_6212.jpg,0,0,2,2,0,0,True
ID_6118.jpg,datasets/graphic_design_1/ID_6118.jpg,0,0,2,2,0,0,True
ID_3834.jpg,datasets/graphic_design_1/ID_3834.jpg,0,0,2,2,0,0,True
ID_6147.jpg,datasets/graphic_design_1/ID_6147.jpg,0,0,1,1,0,0,True
ID_3719.jpg,datasets/graphic_design_1/ID_3719.jpg,0,0,1,1,0,0,True
ID_8245.jpg,datasets/graphic_design_1/ID_8245.jpg,0,0,1,1,0,0,True
ID_3871.jpg,datasets/graphic_design_1/ID_3871.jpg,0,0,1,1,0,0,True
ID_6253.jpg,datasets/graphic_design_1/ID_6253.jpg,0,0,1,1,0,0,True
ID_8424.jpg,datasets/graphic_design_1/ID_8424.jpg,0,0,2,2,0,0,True
ID_3905.jpg,datasets/graphic_design_1/ID_3905.jpg,0,0,2,2,0,0,True
ID_4960.jpg,datasets/graphic_design_1/ID_4960.jpg,0,0,2,2,0,0,True
ID_7205.jpg,datasets/graphic_design_1/ID_7205.jpg,0,0,1,1,0,0,True
ID_0690.jpg,datasets/graphic_design_1/ID_0690.jpg,0,0,2,2,0,0,True
ID_8244.jpg,datasets/graphic_design_1/ID_8244.jpg,0,0,2,2,0,0,True
ID_0081.jpg,datasets/graphic_design_1/ID_0081.jpg,0,0,2,2,0,0,True
ID_2719.jpg,datasets/graphic_design_1/ID_2719.jpg,0,0,1,1,0,0,True
ID_3711.jpg,datasets/graphic_design_1/ID_3711.jpg,0,0,1,1,0,0,True
ID_1284.jpg,datasets/graphic_design_1/ID_1284.jpg,0,0,2,2,0,0,True
ID_4786.jpg,datasets/graphic_design_1/ID_4786.jpg,0,0,1,1,0,0,True
ID_1577.jpg,datasets/graphic_design_1/ID_1577.jpg,0,0,2,2,0,0,True
ID_6601.jpg,datasets/graphic_design_1/ID_6601.jpg,0,0,1,1,0,0,True
ID_6682.jpg,datasets/graphic_design_1/ID_6682.jpg,0,0,1,1,0,0,True
ID_0531.jpg,datasets/graphic_design_1/ID_0531.jpg,0,0,2,2,0,0,True
ID_7158.jpg,datasets/graphic_design_1/ID_7158.jpg,0,0,2,2,0,0,True
ID_5649.jpg,datasets/graphic_design_1/ID_5649.jpg,0,0,2,2,0,0,True
ID_5441.jpg,datasets/graphic_design_1/ID_5441.jpg,0,0,1,1,0,0,True
ID_7060.jpg,datasets/graphic_design_1/ID_7060.jpg,0,0,1,1,0,0,True
ID_6212.jpg,datasets/graphic_design_1/ID_6212.jpg,0,0,2,2,0,0,True
ID_6118.jpg,datasets/graphic_design_1/ID_6118.jpg,0,0,2,2,0,0,True
ID_3834.jpg,datasets/graphic_design_1/ID_3834.jpg,0,0,2,2,0,0,True
ID_6147.jpg,datasets/graphic_design_1/ID_6147.jpg,0,0,2,2,0,0,True
ID_3719.jpg,datasets/graphic_design_1/ID_3719.jpg,0,0,2,2,0,0,True
ID_8245.jpg,datasets/graphic_design_1/ID_8245.jpg,0,0,2,2,0,0,True
ID_3871.jpg,datasets/graphic_design_1/ID_3871.jpg,0,0,2,2,0,0,True
ID_8206.jpg,datasets/graphic_design_1/ID_8206.jpg,0,0,2,2,0,0,True
ID_2581.jpg,datasets/graphic_design_1/ID_2581.jpg,0,0,2,2,0,0,True
ID_0704.jpg,datasets/graphic_design_1/ID_0704.jpg,0,0,2,2,0,0,True
ID_3649.jpg,datasets/graphic_design_1/ID_3649.jpg,0,0,2,2,0,0,True
ID_5459.jpg,datasets/graphic_design_1/ID_5459.jpg,0,0,2,2,0,0,True
ID_7347.jpg,datasets/graphic_design_1/ID_7347.jpg,0,0,1,1,0,0,True
ID_6217.jpg,datasets/graphic_design_1/ID_6217.jpg,0,0,1,1,0,0,True
ID_8287.jpg,datasets/graphic_design_1/ID_8287.jpg,0,0,1,1,0,0,True
ID_2221.jpg,datasets/graphic_design_1/ID_2221.jpg,0,0,2,2,0,0,True
ID_3020.jpg,datasets/graphic_design_1/ID_3020.jpg,0,0,1,1,0,0,True
ID_4258.jpg,datasets/graphic_design_1/ID_4258.jpg,0,0,1,1,0,0,True
ID_6945.jpg,datasets/graphic_design_1/ID_6945.jpg,0,0,1,1,0,0,True
ID_4021.jpg,datasets/graphic_design_1/ID_4021.jpg,0,0,1,1,0,0,True
ID_5037.jpg,datasets/graphic_design_1/ID_5037.jpg,0,0,1,1,0,0,True
ID_6876.jpg,datasets/graphic_design_1/ID_6876.jpg,0,0,1,1,0,0,True
ID_6227.jpg,datasets/graphic_design_1/ID_6227.jpg,0,0,1,1,0,0,True
ID_6497.jpg,datasets/graphic_design_1/ID_6497.jpg,0,0,1,1,0,0,True
ID_7095.jpg,datasets/graphic_design_1/ID_7095.jpg,0,0,2,2,0,0,True
ID_4677.jpg,datasets/graphic_design_1/ID_4677.jpg,0,0,2,2,0,0,True
ID_6297.jpg,datasets/graphic_design_1/ID_6297.jpg,0,0,1,1,0,0,True
ID_8206.jpg,datasets/graphic_design_1/ID_8206.jpg,0,0,1,1,0,0,True
ID_2581.jpg,datasets/graphic_design_1/ID_2581.jpg,0,0,1,1,0,0,True
ID_0704.jpg,datasets/graphic_design_1/ID_0704.jpg,0,0,2,2,0,0,True
ID_6728.jpg,datasets/graphic_design_1/ID_6728.jpg,0,0,2,2,0,0,True
ID_7341.jpg,datasets/graphic_design_1/ID_7341.jpg,0,0,2,2,0,0,True
ID_4095.jpg,datasets/graphic_design_1/ID_4095.jpg,0,0,2,2,0,0,True
ID_5828.jpg,datasets/graphic_design_1/ID_5828.jpg,0,0,2,2,0,0,True
ID_4895.jpg,datasets/graphic_design_1/ID_4895.jpg,0,0,2,2,0,0,True
ID_7283.jpg,datasets/graphic_design_1/ID_7283.jpg,0,0,2,2,0,0,True
ID_7512.jpg,datasets/graphic_design_1/ID_7512.jpg,0,0,2,2,0,0,True
ID_3634.jpg,datasets/graphic_design_1/ID_3634.jpg,0,0,2,2,0,0,True
ID_5292.jpg,datasets/graphic_design_1/ID_5292.jpg,0,0,2,2,0,0,True
ID_3685.jpg,datasets/graphic_design_1/ID_3685.jpg,0,0,2,2,0,0,True
ID_7827.jpg,datasets/graphic_design_1/ID_7827.jpg,0,0,1,1,0,0,True
ID_7995.jpg,datasets/graphic_design_1/ID_7995.jpg,0,0,2,2,0,0,True
ID_8394.jpg,datasets/graphic_design_1/ID_8394.jpg,0,0,2,2,0,0,True
ID_6966.jpg,datasets/graphic_design_1/ID_6966.jpg,0,0,2,2,0,0,True
ID_5618.jpg,datasets/graphic_design_1/ID_5618.jpg,0,0,2,2,0,0,True
ID_7750.jpg,datasets/graphic_design_1/ID_7750.jpg,0,0,1,1,0,0,True
ID_6652.jpg,datasets/graphic_design_1/ID_6652.jpg,0,0,1,1,0,0,True
ID_8171.jpg,datasets/graphic_design_1/ID_8171.jpg,0,0,1,1,0,0,True
ID_7167.jpg,datasets/graphic_design_1/ID_7167.jpg,0,0,2,2,0,0,True
ID_5678.jpg,datasets/graphic_design_1/ID_5678.jpg,0,0,2,2,0,0,True
ID_4835.jpg,datasets/graphic_design_1/ID_4835.jpg,0,0,2,2,0,0,True
ID_4908.jpg,datasets/graphic_design_1/ID_4908.jpg,0,0,2,2,0,0,True
ID_8352.jpg,datasets/graphic_design_1/ID_8352.jpg,0,0,2,2,0,0,True
ID_4522.jpg,datasets/graphic_design_1/ID_4522.jpg,0,0,2,2,0,0,True
ID_8138.jpg,datasets/graphic_design_1/ID_8138.jpg,0,0,2,2,0,0,True
ID_7671.jpg,datasets/graphic_design_1/ID_7671.jpg,0,0,2,2,0,0,True
ID_5519.jpg,datasets/graphic_design_1/ID_5519.jpg,0,0,2,2,0,0,True
ID_6206.jpg,datasets/graphic_design_1/ID_6206.jpg,0,0,2,2,0,0,True
ID_7275.jpg,datasets/graphic_design_1/ID_7275.jpg,0,0,2,2,0,0,True
ID_2976.jpg,datasets/graphic_design_1/ID_2976.jpg,0,0,2,2,0,0,True
ID_5034.jpg,datasets/graphic_design_1/ID_5034.jpg,0,0,2,2,0,0,True
ID_0916.jpg,datasets/graphic_design_1/ID_0916.jpg,0,0,2,2,0,0,True
ID_1875.jpg,datasets/graphic_design_1/ID_1875.jpg,0,0,2,2,0,0,True
ID_2040.jpg,datasets/graphic_design_1/ID_2040.jpg,0,0,2,2,0,0,True
ID_7066.jpg,datasets/graphic_design_1/ID_7066.jpg,0,0,2,2,0,0,True
ID_8340.jpg,datasets/graphic_design_1/ID_8340.jpg,0,0,2,2,0,0,True
ID_4745.jpg,datasets/graphic_design_1/ID_4745.jpg,0,0,2,2,0,0,True
ID_3200.jpg,datasets/graphic_design_1/ID_3200.jpg,0,0,2,2,0,0,True
ID_5122.jpg,datasets/graphic_design_1/ID_5122.jpg,0,0,2,2,0,0,True
ID_6188.jpg,datasets/graphic_design_1/ID_6188.jpg,0,0,2,2,0,0,True
ID_2869.jpg,datasets/graphic_design_1/ID_2869.jpg,0,0,2,2,0,0,True
ID_8325.jpg,datasets/graphic_design_1/ID_8325.jpg,0,0,2,2,0,0,True
ID_6407.jpg,datasets/graphic_design_1/ID_6407.jpg,0,0,2,2,0,0,True
ID_4275.jpg,datasets/graphic_design_1/ID_4275.jpg,0,0,2,2,0,0,True
ID_7517.jpg,datasets/graphic_design_1/ID_7517.jpg,0,0,2,2,0,0,True
ID_7419.jpg,datasets/graphic_design_1/ID_7419.jpg,0,0,2,2,0,0,True
ID_4624.jpg,datasets/graphic_design_1/ID_4624.jpg,0,0,2,2,0,0,True
ID_7608.jpg,datasets/graphic_design_1/ID_7608.jpg,0,0,2,2,0,0,True
ID_8018.jpg,datasets/graphic_design_1/ID_8018.jpg,0,0,2,2,0,0,True
ID_3654.jpg,datasets/graphic_design_1/ID_3654.jpg,0,0,2,2,0,0,True
ID_1236.jpg,datasets/graphic_design_1/ID_1236.jpg,0,0,2,2,0,0,True
ID_6318.jpg,datasets/graphic_design_1/ID_6318.jpg,0,0,1,1,0,0,True
ID_7591.jpg,datasets/graphic_design_1/ID_7591.jpg,0,0,1,1,0,0,True
ID_6608.jpg,datasets/graphic_design_1/ID_6608.jpg,0,0,1,1,0,0,True
ID_6716.jpg,datasets/graphic_design_1/ID_6716.jpg,0,0,1,1,0,0,True
ID_3647.jpg,datasets/graphic_design_1/ID_3647.jpg,0,0,2,2,0,0,True
ID_4235.jpg,datasets/graphic_design_1/ID_4235.jpg,0,0,1,1,0,0,True
ID_7216.jpg,datasets/graphic_design_1/ID_7216.jpg,0,0,1,1,0,0,True
ID_8398.jpg,datasets/graphic_design_1/ID_8398.jpg,0,0,1,1,0,0,True
ID_3706.jpg,datasets/graphic_design_1/ID_3706.jpg,0,0,1,1,0,0,True
ID_6891.jpg,datasets/graphic_design_1/ID_6891.jpg,0,0,2,2,0,0,True
ID_8505.jpg,datasets/graphic_design_1/ID_8505.jpg,0,0,1,1,0,0,True
ID_6047.jpg,datasets/graphic_design_1/ID_6047.jpg,0,0,2,2,0,0,True
ID_7131.jpg,datasets/graphic_design_1/ID_7131.jpg,0,0,2,2,0,0,True
ID_2188.jpg,datasets/graphic_design_1/ID_2188.jpg,0,0,1,1,0,0,True
ID_3099.jpg,datasets/graphic_design_1/ID_3099.jpg,0,0,1,1,0,0,True
ID_5688.jpg,datasets/graphic_design_1/ID_5688.jpg,0,0,1,1,0,0,True
ID_2071.jpg,datasets/graphic_design_1/ID_2071.jpg,0,0,1,1,0,0,True
ID_8196.jpg,datasets/graphic_design_1/ID_8196.jpg,0,0,2,2,0,0,True
ID_3086.jpg,datasets/graphic_design_1/ID_3086.jpg,0,0,1,1,0,0,True
ID_2713.jpg,datasets/graphic_design_1/ID_2713.jpg,0,0,1,1,0,0,True
ID_3181.jpg,datasets/graphic_design_1/ID_3181.jpg,0,0,2,2,0,0,True
ID_2420.jpg,datasets/graphic_design_1/ID_2420.jpg,0,0,1,1,0,0,True
ID_2091.jpg,datasets/graphic_design_1/ID_2091.jpg,0,0,1,1,0,0,True
ID_3670.jpg,datasets/graphic_design_1/ID_3670.jpg,0,0,2,2,0,0,True
ID_0968.jpg,datasets/graphic_design_1/ID_0968.jpg,0,0,2,2,0,0,True
ID_2069.jpg,datasets/graphic_design_1/ID_2069.jpg,0,0,2,2,0,0,True
ID_5911.jpg,datasets/graphic_design_1/ID_5911.jpg,0,0,2,2,0,0,True
ID_7925.jpg,datasets/graphic_design_1/ID_7925.jpg,0,0,1,1,0,0,True
ID_3897.jpg,datasets/graphic_design_1/ID_3897.jpg,0,0,1,1,0,0,True
ID_1108.jpg,datasets/graphic_design_1/ID_1108.jpg,0,0,2,2,0,0,True
ID_0954.jpg,datasets/graphic_design_1/ID_0954.jpg,0,0,2,2,0,0,True
ID_1199.jpg,datasets/graphic_design_1/ID_1199.jpg,0,0,1,1,0,0,True
ID_2632.jpg,datasets/graphic_design_1/ID_2632.jpg,0,0,2,2,0,0,True
ID_2070.jpg,datasets/graphic_design_1/ID_2070.jpg,0,0,2,2,0,0,True
ID_1275.jpg,datasets/graphic_design_1/ID_1275.jpg,0,0,2,2,0,0,True
ID_7265.jpg,datasets/graphic_design_1/ID_7265.jpg,0,0,1,1,0,0,True
ID_8529.jpg,datasets/graphic_design_1/ID_8529.jpg,0,0,1,1,0,0,True
ID_6242.jpg,datasets/graphic_design_1/ID_6242.jpg,0,0,2,2,0,0,True
ID_6310.jpg,datasets/graphic_design_1/ID_6310.jpg,0,0,1,1,0,0,True
ID_0470.jpg,datasets/graphic_design_1/ID_0470.jpg,0,0,1,1,0,0,True
ID_4057.jpg,datasets/graphic_design_1/ID_4057.jpg,0,0,1,1,0,0,True
ID_2617.jpg,datasets/graphic_design_1/ID_2617.jpg,0,0,1,1,0,0,True
ID_6083.jpg,datasets/graphic_design_1/ID_6083.jpg,0,0,2,2,0,0,True
ID_2924.jpg,datasets/graphic_design_1/ID_2924.jpg,0,0,1,1,0,0,True
ID_8158.jpg,datasets/graphic_design_1/ID_8158.jpg,0,0,2,2,0,0,True
ID_5691.jpg,datasets/graphic_design_1/ID_5691.jpg,0,0,2,2,0,0,True
ID_1357.jpg,datasets/graphic_design_1/ID_1357.jpg,0,0,2,2,0,0,True
ID_1757.jpg,datasets/graphic_design_1/ID_1757.jpg,0,0,1,1,0,0,True
ID_5194.jpg,datasets/graphic_design_1/ID_5194.jpg,0,0,1,1,0,0,True
ID_7570.jpg,datasets/graphic_design_1/ID_7570.jpg,0,0,1,1,0,0,True
ID_3973.jpg,datasets/graphic_design_1/ID_3973.jpg,0,0,1,1,0,0,True
ID_4291.jpg,datasets/graphic_design_1/ID_4291.jpg,0,0,1,1,0,0,True
ID_7753.jpg,datasets/graphic_design_1/ID_7753.jpg,0,0,2,2,0,0,True
ID_3802.jpg,datasets/graphic_design_1/ID_3802.jpg,0,0,1,1,0,0,True
ID_7115.jpg,datasets/graphic_design_1/ID_7115.jpg,0,0,2,2,0,0,True
ID_6110.jpg,datasets/graphic_design_1/ID_6110.jpg,0,0,2,2,0,0,True
ID_0043.jpg,datasets/graphic_design_1/ID_0043.jpg,0,0,2,2,0,0,True
ID_7504.jpg,datasets/graphic_design_1/ID_7504.jpg,0,0,1,1,0,0,True
ID_5908.jpg,datasets/graphic_design_1/ID_5908.jpg,0,0,1,1,0,0,True
ID_1975.jpg,datasets/graphic_design_1/ID_1975.jpg,0,0,1,1,0,0,True
ID_8331.jpg,datasets/graphic_design_1/ID_8331.jpg,0,0,1,1,0,0,True
ID_5965.jpg,datasets/graphic_design_1/ID_5965.jpg,0,0,2,2,0,0,True
ID_4195.jpg,datasets/graphic_design_1/ID_4195.jpg,0,0,1,1,0,0,True
ID_1077.jpg,datasets/graphic_design_1/ID_1077.jpg,0,0,2,2,0,0,True
ID_5692.jpg,datasets/graphic_design_1/ID_5692.jpg,0,0,1,1,0,0,True
ID_0188.jpg,datasets/graphic_design_1/ID_0188.jpg,0,0,2,2,0,0,True
ID_5793.jpg,datasets/graphic_design_1/ID_5793.jpg,0,0,1,1,0,0,True
ID_3696.jpg,datasets/graphic_design_1/ID_3696.jpg,0,0,2,2,0,0,True
ID_7399.jpg,datasets/graphic_design_1/ID_7399.jpg,0,0,1,1,0,0,True
ID_1510.jpg,datasets/graphic_design_1/ID_1510.jpg,0,0,2,2,0,0,True
ID_0914.jpg,datasets/graphic_design_1/ID_0914.jpg,0,0,2,2,0,0,True
ID_7535.jpg,datasets/graphic_design_1/ID_7535.jpg,0,0,2,2,0,0,True
ID_3206.jpg,datasets/graphic_design_1/ID_3206.jpg,0,0,2,2,0,0,True
ID_5569.jpg,datasets/graphic_design_1/ID_5569.jpg,0,0,2,2,0,0,True
ID_0114.jpg,datasets/graphic_design_1/ID_0114.jpg,0,0,2,2,0,0,True
ID_6004.jpg,datasets/graphic_design_1/ID_6004.jpg,0,0,2,2,0,0,True
ID_7643.jpg,datasets/graphic_design_1/ID_7643.jpg,0,0,1,1,0,0,True
ID_7930.jpg,datasets/graphic_design_1/ID_7930.jpg,0,0,1,1,0,0,True
ID_5146.jpg,datasets/graphic_design_1/ID_5146.jpg,0,0,2,2,0,0,True
ID_1396.jpg,datasets/graphic_design_1/ID_1396.jpg,0,0,2,2,0,0,True
ID_3766.jpg,datasets/graphic_design_1/ID_3766.jpg,0,0,1,1,0,0,True
ID_1481.jpg,datasets/graphic_design_1/ID_1481.jpg,0,0,2,2,0,0,True
ID_0249.jpg,datasets/graphic_design_1/ID_0249.jpg,0,0,2,2,0,0,True
ID_4494.jpg,datasets/graphic_design_1/ID_4494.jpg,0,0,2,2,0,0,True
ID_5504.jpg,datasets/graphic_design_1/ID_5504.jpg,0,0,1,1,0,0,True
ID_8076.jpg,datasets/graphic_design_1/ID_8076.jpg,0,0,1,1,0,0,True
ID_8260.jpg,datasets/graphic_design_1/ID_8260.jpg,0,0,1,1,0,0,True
ID_0914.jpg,datasets/graphic_design_1/ID_0914.jpg,0,0,2,2,0,0,True
ID_7535.jpg,datasets/graphic_design_1/ID_7535.jpg,0,0,2,2,0,0,True
ID_3206.jpg,datasets/graphic_design_1/ID_3206.jpg,0,0,2,2,0,0,True
ID_5569.jpg,datasets/graphic_design_1/ID_5569.jpg,0,0,2,2,0,0,True
ID_5371.jpg,datasets/graphic_design_1/ID_5371.jpg,0,0,1,1,0,0,True
ID_4831.jpg,datasets/graphic_design_1/ID_4831.jpg,0,0,2,2,0,0,True
ID_4155.jpg,datasets/graphic_design_1/ID_4155.jpg,0,0,1,1,0,0,True
ID_6365.jpg,datasets/graphic_design_1/ID_6365.jpg,0,0,2,2,0,0,True
ID_4547.jpg,datasets/graphic_design_1/ID_4547.jpg,0,0,1,1,0,0,True
ID_6493.jpg,datasets/graphic_design_1/ID_6493.jpg,0,0,1,1,0,0,True
ID_6432.jpg,datasets/graphic_design_1/ID_6432.jpg,0,0,2,2,0,0,True
ID_6204.jpg,datasets/graphic_design_1/ID_6204.jpg,0,0,1,1,0,0,True
ID_4296.jpg,datasets/graphic_design_1/ID_4296.jpg,0,0,1,1,0,0,True
ID_4005.jpg,datasets/graphic_design_1/ID_4005.jpg,0,0,2,2,0,0,True
ID_0114.jpg,datasets/graphic_design_1/ID_0114.jpg,0,0,2,2,0,0,True
ID_6004.jpg,datasets/graphic_design_1/ID_6004.jpg,0,0,2,2,0,0,True
ID_7643.jpg,datasets/graphic_design_1/ID_7643.jpg,0,0,1,1,0,0,True
ID_7930.jpg,datasets/graphic_design_1/ID_7930.jpg,0,0,1,1,0,0,True
ID_5146.jpg,datasets/graphic_design_1/ID_5146.jpg,0,0,2,2,0,0,True
ID_1396.jpg,datasets/graphic_design_1/ID_1396.jpg,0,0,2,2,0,0,True
ID_1586.jpg,datasets/graphic_design_1/ID_1586.jpg,0,0,2,2,0,0,True
ID_4192.jpg,datasets/graphic_design_1/ID_4192.jpg,0,0,2,2,0,0,True
ID_7224.jpg,datasets/graphic_design_1/ID_7224.jpg,0,0,1,1,0,0,True
ID_7230.jpg,datasets/graphic_design_1/ID_7230.jpg,0,0,1,1,0,0,True
ID_0915.jpg,datasets/graphic_design_1/ID_0915.jpg,0,0,2,2,0,0,True
ID_8491.jpg,datasets/graphic_design_1/ID_8491.jpg,0,0,2,2,0,0,True
ID_2549.jpg,datasets/graphic_design_1/ID_2549.jpg,0,0,1,1,0,0,True
ID_5677.jpg,datasets/graphic_design_1/ID_5677.jpg,0,0,1,1,0,0,True
ID_4062.jpg,datasets/graphic_design_1/ID_4062.jpg,0,0,1,1,0,0,True
ID_0643.jpg,datasets/graphic_design_1/ID_0643.jpg,0,0,1,1,0,0,True
ID_1958.jpg,datasets/graphic_design_1/ID_1958.jpg,0,0,2,2,0,0,True
ID_0439.jpg,datasets/graphic_design_1/ID_0439.jpg,0,0,2,2,0,0,True
ID_3614.jpg,datasets/graphic_design_1/ID_3614.jpg,0,0,1,1,0,0,True
ID_0670.jpg,datasets/graphic_design_1/ID_0670.jpg,0,0,2,2,0,0,True
ID_7733.jpg,datasets/graphic_design_1/ID_7733.jpg,0,0,1,1,0,0,True
ID_0746.jpg,datasets/graphic_design_1/ID_0746.jpg,0,0,2,2,0,0,True
ID_1268.jpg,datasets/graphic_design_1/ID_1268.jpg,0,0,2,2,0,0,True
ID_4166.jpg,datasets/graphic_design_1/ID_4166.jpg,0,0,1,1,0,0,True
ID_1012.jpg,datasets/graphic_design_1/ID_1012.jpg,0,0,2,2,0,0,True
ID_0836.jpg,datasets/graphic_design_1/ID_0836.jpg,0,0,1,1,0,0,True
ID_6067.jpg,datasets/graphic_design_1/ID_6067.jpg,0,0,1,1,0,0,True
ID_7462.jpg,datasets/graphic_design_1/ID_7462.jpg,0,0,1,1,0,0,True
ID_7856.jpg,datasets/graphic_design_1/ID_7856.jpg,0,0,2,2,0,0,True
ID_2370.jpg,datasets/graphic_design_1/ID_2370.jpg,0,0,1,1,0,0,True
ID_4281.jpg,datasets/graphic_design_1/ID_4281.jpg,0,0,2,2,0,0,True
ID_5837.jpg,datasets/graphic_design_1/ID_5837.jpg,0,0,2,2,0,0,True
ID_1754.jpg,datasets/graphic_design_1/ID_1754.jpg,0,0,1,1,0,0,True
ID_3642.jpg,datasets/graphic_design_1/ID_3642.jpg,0,0,1,1,0,0,True
ID_7141.jpg,datasets/graphic_design_1/ID_7141.jpg,0,0,1,1,0,0,True
ID_7590.jpg,datasets/graphic_design_1/ID_7590.jpg,0,0,1,1,0,0,True
ID_0915.jpg,datasets/graphic_design_1/ID_0915.jpg,0,0,2,2,0,0,True
ID_8491.jpg,datasets/graphic_design_1/ID_8491.jpg,0,0,1,1,0,0,True
ID_2549.jpg,datasets/graphic_design_1/ID_2549.jpg,0,0,1,1,0,0,True
ID_5677.jpg,datasets/graphic_design_1/ID_5677.jpg,0,0,1,1,0,0,True
ID_4062.jpg,datasets/graphic_design_1/ID_4062.jpg,0,0,1,1,0,0,True
ID_0643.jpg,datasets/graphic_design_1/ID_0643.jpg,0,0,1,1,0,0,True
ID_6252.jpg,datasets/graphic_design_1/ID_6252.jpg,0,0,1,1,0,0,True
ID_6111.jpg,datasets/graphic_design_1/ID_6111.jpg,0,0,1,1,0,0,True
ID_5531.jpg,datasets/graphic_design_1/ID_5531.jpg,0,0,1,1,0,0,True
ID_2844.jpg,datasets/graphic_design_1/ID_2844.jpg,0,0,2,2,0,0,True
ID_5116.jpg,datasets/graphic_design_1/ID_5116.jpg,0,0,1,1,0,0,True
ID_0465.jpg,datasets/graphic_design_1/ID_0465.jpg,0,0,1,1,0,0,True
ID_8012.jpg,datasets/graphic_design_1/ID_8012.jpg,0,0,2,2,0,0,True
ID_5273.jpg,datasets/graphic_design_1/ID_5273.jpg,0,0,2,2,0,0,True
ID_7554.jpg,datasets/graphic_design_1/ID_7554.jpg,0,0,1,1,0,0,True
ID_4219.jpg,datasets/graphic_design_1/ID_4219.jpg,0,0,1,1,0,0,True
ID_2151.jpg,datasets/graphic_design_1/ID_2151.jpg,0,0,1,1,0,0,True
ID_7383.jpg,datasets/graphic_design_1/ID_7383.jpg,0,0,1,1,0,0,True
ID_6125.jpg,datasets/graphic_design_1/ID_6125.jpg,0,0,1,1,0,0,True
ID_0034.jpg,datasets/graphic_design_1/ID_0034.jpg,0,0,2,2,0,0,True
ID_0026.jpg,datasets/graphic_design_1/ID_0026.jpg,0,0,2,2,0,0,True
ID_7349.jpg,datasets/graphic_design_1/ID_7349.jpg,0,0,1,1,0,0,True
ID_0300.jpg,datasets/graphic_design_1/ID_0300.jpg,0,0,1,1,0,0,True
ID_0264.jpg,datasets/graphic_design_1/ID_0264.jpg,0,0,2,2,0,0,True
ID_3101.jpg,datasets/graphic_design_1/ID_3101.jpg,0,0,1,1,0,0,True
ID_7600.jpg,datasets/graphic_design_1/ID_7600.jpg,0,0,1,1,0,0,True
ID_3855.jpg,datasets/graphic_design_1/ID_3855.jpg,0,0,1,1,0,0,True
ID_0224.jpg,datasets/graphic_design_1/ID_0224.jpg,0,0,2,2,0,0,True
ID_6012.jpg,datasets/graphic_design_1/ID_6012.jpg,0,0,1,1,0,0,True
ID_2448.jpg,datasets/graphic_design_1/ID_2448.jpg,0,0,1,1,0,0,True
ID_4991.jpg,datasets/graphic_design_1/ID_4991.jpg,0,0,1,1,0,0,True
ID_4222.jpg,datasets/graphic_design_1/ID_4222.jpg,0,0,1,1,0,0,True
ID_0694.jpg,datasets/graphic_design_1/ID_0694.jpg,0,0,1,1,0,0,True
ID_7319.jpg,datasets/graphic_design_1/ID_7319.jpg,0,0,2,2,0,0,True
ID_8085.jpg,datasets/graphic_design_1/ID_8085.jpg,0,0,1,1,0,0,True
ID_4450.jpg,datasets/graphic_design_1/ID_4450.jpg,0,0,1,1,0,0,True
ID_8447.jpg,datasets/graphic_design_1/ID_8447.jpg,0,0,1,1,0,0,True
ID_5318.jpg,datasets/graphic_design_1/ID_5318.jpg,0,0,1,1,0,0,True
ID_4943.jpg,datasets/graphic_design_1/ID_4943.jpg,0,0,2,2,0,0,True
ID_7506.jpg,datasets/graphic_design_1/ID_7506.jpg,0,0,1,1,0,0,True
ID_0751.jpg,datasets/graphic_design_1/ID_0751.jpg,0,0,1,1,0,0,True
ID_5112.jpg,datasets/graphic_design_1/ID_5112.jpg,0,0,2,2,0,0,True
ID_2755.jpg,datasets/graphic_design_1/ID_2755.jpg,0,0,1,1,0,0,True
ID_7314.jpg,datasets/graphic_design_1/ID_7314.jpg,0,0,2,2,0,0,True
ID_4621.jpg,datasets/graphic_design_1/ID_4621.jpg,0,0,2,2,0,0,True
ID_7440.jpg,datasets/graphic_design_1/ID_7440.jpg,0,0,1,1,0,0,True
ID_0748.jpg,datasets/graphic_design_1/ID_0748.jpg,0,0,1,1,0,0,True
ID_3232.jpg,datasets/graphic_design_1/ID_3232.jpg,0,0,2,2,0,0,True
ID_5877.jpg,datasets/graphic_design_1/ID_5877.jpg,0,0,2,2,0,0,True
ID_2051.jpg,datasets/graphic_design_1/ID_2051.jpg,0,0,1,1,0,0,True
ID_7656.jpg,datasets/graphic_design_1/ID_7656.jpg,0,0,1,1,0,0,True
ID_1576.jpg,datasets/graphic_design_1/ID_1576.jpg,0,0,1,1,0,0,True
ID_4774.jpg,datasets/graphic_design_1/ID_4774.jpg,0,0,1,1,0,0,True
ID_1393.jpg,datasets/graphic_design_1/ID_1393.jpg,0,0,2,2,0,0,True
ID_5946.jpg,datasets/graphic_design_1/ID_5946.jpg,0,0,1,1,0,0,True
ID_1323.jpg,datasets/graphic_design_1/ID_1323.jpg,0,0,2,2,0,0,True
ID_5680.jpg,datasets/graphic_design_1/ID_5680.jpg,0,0,2,2,0,0,True
ID_4697.jpg,datasets/graphic_design_1/ID_4697.jpg,0,0,1,1,0,0,True
ID_3048.jpg,datasets/graphic_design_1/ID_3048.jpg,0,0,1,1,0,0,True
ID_1979.jpg,datasets/graphic_design_1/ID_1979.jpg,0,0,1,1,0,0,True
ID_8308.jpg,datasets/graphic_design_1/ID_8308.jpg,0,0,1,1,0,0,True
ID_0197.jpg,datasets/graphic_design_1/ID_0197.jpg,0,0,2,2,0,0,True
ID_6638.jpg,datasets/graphic_design_1/ID_6638.jpg,0,0,1,1,0,0,True
ID_8264.jpg,datasets/graphic_design_1/ID_8264.jpg,0,0,1,1,0,0,True
ID_4539.jpg,datasets/graphic_design_1/ID_4539.jpg,0,0,1,1,0,0,True
ID_5105.jpg,datasets/graphic_design_1/ID_5105.jpg,0,0,1,1,0,0,True
ID_4549.jpg,datasets/graphic_design_1/ID_4549.jpg,0,0,1,1,0,0,True
ID_3864.jpg,datasets/graphic_design_1/ID_3864.jpg,0,0,1,1,0,0,True
ID_5896.jpg,datasets/graphic_design_1/ID_5896.jpg,0,0,1,1,0,0,True
ID_5015.jpg,datasets/graphic_design_1/ID_5015.jpg,0,0,1,1,0,0,True
ID_0720.jpg,datasets/graphic_design_1/ID_0720.jpg,0,0,1,1,0,0,True
ID_5898.jpg,datasets/graphic_design_1/ID_5898.jpg,0,0,1,1,0,0,True
ID_3921.jpg,datasets/graphic_design_1/ID_3921.jpg,0,0,1,1,0,0,True
ID_7978.jpg,datasets/graphic_design_1/ID_7978.jpg,0,0,1,1,0,0,True
ID_1973.jpg,datasets/graphic_design_1/ID_1973.jpg,0,0,1,1,0,0,True
ID_1670.jpg,datasets/graphic_design_1/ID_1670.jpg,0,0,1,1,0,0,True
ID_7244.jpg,datasets/graphic_design_1/ID_7244.jpg,0,0,1,1,0,0,True
ID_6656.jpg,datasets/graphic_design_1/ID_6656.jpg,0,0,1,1,0,0,True
ID_6777.jpg,datasets/graphic_design_1/ID_6777.jpg,0,0,2,2,0,0,True
ID_3151.jpg,datasets/graphic_design_1/ID_3151.jpg,0,0,2,2,0,0,True
ID_3098.jpg,datasets/graphic_design_1/ID_3098.jpg,0,0,1,1,0,0,True
ID_2954.jpg,datasets/graphic_design_1/ID_2954.jpg,0,0,2,2,0,0,True
ID_0080.jpg,datasets/graphic_design_1/ID_0080.jpg,0,0,1,1,0,0,True
ID_5845.jpg,datasets/graphic_design_1/ID_5845.jpg,0,0,2,2,0,0,True
ID_3593.jpg,datasets/graphic_design_1/ID_3593.jpg,0,0,1,1,0,0,True
ID_7785.jpg,datasets/graphic_design_1/ID_7785.jpg,0,0,2,2,0,0,True
ID_2176.jpg,datasets/graphic_design_1/ID_2176.jpg,0,0,1,1,0,0,True
ID_0671.jpg,datasets/graphic_design_1/ID_0671.jpg,0,0,2,2,0,0,True
ID_8367.jpg,datasets/graphic_design_1/ID_8367.jpg,0,0,1,1,0,0,True
ID_0226.jpg,datasets/graphic_design_1/ID_0226.jpg,0,0,1,1,0,0,True
ID_0332.jpg,datasets/graphic_design_1/ID_0332.jpg,0,0,2,2,0,0,True
ID_3239.jpg,datasets/graphic_design_1/ID_3239.jpg,0,0,1,1,0,0,True
ID_2653.jpg,datasets/graphic_design_1/ID_2653.jpg,0,0,2,2,0,0,True
ID_3069.jpg,datasets/graphic_design_1/ID_3069.jpg,0,0,1,1,0,0,True
ID_1619.jpg,datasets/graphic_design_1/ID_1619.jpg,0,0,1,1,0,0,True
ID_2754.jpg,datasets/graphic_design_1/ID_2754.jpg,0,0,1,1,0,0,True
ID_3808.jpg,datasets/graphic_design_1/ID_3808.jpg,0,0,1,1,0,0,True
ID_1430.jpg,datasets/graphic_design_1/ID_1430.jpg,0,0,2,2,0,0,True
ID_6700.jpg,datasets/graphic_design_1/ID_6700.jpg,0,0,1,1,0,0,True
ID_8374.jpg,datasets/graphic_design_1/ID_8374.jpg,0,0,2,2,0,0,True
ID_6009.jpg,datasets/graphic_design_1/ID_6009.jpg,0,0,1,1,0,0,True
ID_4085.jpg,datasets/graphic_design_1/ID_4085.jpg,0,0,2,2,0,0,True
ID_8148.jpg,datasets/graphic_design_1/ID_8148.jpg,0,0,2,2,0,0,True
ID_4887.jpg,datasets/graphic_design_1/ID_4887.jpg,0,0,2,2,0,0,True
ID_1944.jpg,datasets/graphic_design_1/ID_1944.jpg,0,0,1,1,0,0,True
ID_0338.jpg,datasets/graphic_design_1/ID_0338.jpg,0,0,2,2,0,0,True
ID_3047.jpg,datasets/graphic_design_1/ID_3047.jpg,0,0,2,2,0,0,True
ID_7267.jpg,datasets/graphic_design_1/ID_7267.jpg,0,0,2,2,0,0,True
ID_2315.jpg,datasets/graphic_design_1/ID_2315.jpg,0,0,1,1,0,0,True
ID_5423.jpg,datasets/graphic_design_1/ID_5423.jpg,0,0,1,1,0,0,True
ID_3723.jpg,datasets/graphic_design_1/ID_3723.jpg,0,0,1,1,0,0,True
ID_8304.jpg,datasets/graphic_design_1/ID_8304.jpg,0,0,1,1,0,0,True
ID_1467.jpg,datasets/graphic_design_1/ID_1467.jpg,0,0,2,2,0,0,True
ID_5823.jpg,datasets/graphic_design_1/ID_5823.jpg,0,0,1,1,0,0,True
ID_1342.jpg,datasets/graphic_design_1/ID_1342.jpg,0,0,2,2,0,0,True
ID_7903.jpg,datasets/graphic_design_1/ID_7903.jpg,0,0,1,1,0,0,True
ID_1544.jpg,datasets/graphic_design_1/ID_1544.jpg,0,0,2,2,0,0,True
ID_4271.jpg,datasets/graphic_design_1/ID_4271.jpg,0,0,1,1,0,0,True
ID_5055.jpg,datasets/graphic_design_1/ID_5055.jpg,0,0,1,1,0,0,True
ID_5598.jpg,datasets/graphic_design_1/ID_5598.jpg,0,0,1,1,0,0,True
ID_5600.jpg,datasets/graphic_design_1/ID_5600.jpg,0,0,1,1,0,0,True
ID_3251.jpg,datasets/graphic_design_1/ID_3251.jpg,0,0,2,2,0,0,True
ID_5666.jpg,datasets/graphic_design_1/ID_5666.jpg,0,0,2,2,0,0,True
ID_0146.jpg,datasets/graphic_design_1/ID_0146.jpg,0,0,1,1,0,0,True
ID_4597.jpg,datasets/graphic_design_1/ID_4597.jpg,0,0,2,2,0,0,True
ID_4840.jpg,datasets/graphic_design_1/ID_4840.jpg,0,0,1,1,0,0,True
ID_8198.jpg,datasets/graphic_design_1/ID_8198.jpg,0,0,1,1,0,0,True
ID_3693.jpg,datasets/graphic_design_1/ID_3693.jpg,0,0,2,2,0,0,True
ID_7257.jpg,datasets/graphic_design_1/ID_7257.jpg,0,0,1,1,0,0,True
ID_3082.jpg,datasets/graphic_design_1/ID_3082.jpg,0,0,2,2,0,0,True
ID_3158.jpg,datasets/graphic_design_1/ID_3158.jpg,0,0,1,1,0,0,True
ID_5867.jpg,datasets/graphic_design_1/ID_5867.jpg,0,0,1,1,0,0,True
ID_2172.jpg,datasets/graphic_design_1/ID_2172.jpg,0,0,1,1,0,0,True
ID_0082.jpg,datasets/graphic_design_1/ID_0082.jpg,0,0,1,1,0,0,True
ID_6119.jpg,datasets/graphic_design_1/ID_6119.jpg,0,0,1,1,0,0,True
ID_4107.jpg,datasets/graphic_design_1/ID_4107.jpg,0,0,1,1,0,0,True
ID_4116.jpg,datasets/graphic_design_1/ID_4116.jpg,0,0,1,1,0,0,True
ID_1334.jpg,datasets/graphic_design_1/ID_1334.jpg,0,0,1,1,0,0,True
ID_1713.jpg,datasets/graphic_design_1/ID_1713.jpg,0,0,1,1,0,0,True
ID_7915.jpg,datasets/graphic_design_1/ID_7915.jpg,0,0,1,1,0,0,True
ID_5064.jpg,datasets/graphic_design_1/ID_5064.jpg,0,0,1,1,0,0,True
ID_0727.jpg,datasets/graphic_design_1/ID_0727.jpg,0,0,1,1,0,0,True
ID_7994.jpg,datasets/graphic_design_1/ID_7994.jpg,0,0,1,1,0,0,True
ID_5361.jpg,datasets/graphic_design_1/ID_5361.jpg,0,0,1,1,0,0,True
ID_2435.jpg,datasets/graphic_design_1/ID_2435.jpg,0,0,2,2,0,0,True
ID_4881.jpg,datasets/graphic_design_1/ID_4881.jpg,0,0,2,2,0,0,True
ID_8093.jpg,datasets/graphic_design_1/ID_8093.jpg,0,0,1,1,0,0,True
ID_8130.jpg,datasets/graphic_design_1/ID_8130.jpg,0,0,1,1,0,0,True
ID_2345.jpg,datasets/graphic_design_1/ID_2345.jpg,0,0,1,1,0,0,True
ID_0948.jpg,datasets/graphic_design_1/ID_0948.jpg,0,0,2,2,0,0,True
ID_8336.jpg,datasets/graphic_design_1/ID_8336.jpg,0,0,2,2,0,0,True
ID_8366.jpg,datasets/graphic_design_1/ID_8366.jpg,0,0,1,1,0,0,True
ID_3223.jpg,datasets/graphic_design_1/ID_3223.jpg,0,0,2,2,0,0,True
ID_2820.jpg,datasets/graphic_design_1/ID_2820.jpg,0,0,1,1,0,0,True
ID_4190.jpg,datasets/graphic_design_1/ID_4190.jpg,0,0,1,1,0,0,True
ID_8357.jpg,datasets/graphic_design_1/ID_8357.jpg,0,0,1,1,0,0,True
ID_1226.jpg,datasets/graphic_design_1/ID_1226.jpg,0,0,1,1,0,0,True
ID_5745.jpg,datasets/graphic_design_1/ID_5745.jpg,0,0,2,2,0,0,True
ID_6346.jpg,datasets/graphic_design_1/ID_6346.jpg,0,0,1,1,0,0,True
ID_6160.jpg,datasets/graphic_design_1/ID_6160.jpg,0,0,1,1,0,0,True
ID_2113.jpg,datasets/graphic_design_1/ID_2113.jpg,0,0,1,1,0,0,True
ID_4403.jpg,datasets/graphic_design_1/ID_4403.jpg,0,0,1,1,0,0,True
ID_8128.jpg,datasets/graphic_design_1/ID_8128.jpg,0,0,1,1,0,0,True
ID_6495.jpg,datasets/graphic_design_1/ID_6495.jpg,0,0,1,1,0,0,True
ID_1162.jpg,datasets/graphic_design_1/ID_1162.jpg,0,0,1,1,0,0,True
ID_5164.jpg,datasets/graphic_design_1/ID_5164.jpg,0,0,1,1,0,0,True
ID_1901.jpg,datasets/graphic_design_1/ID_1901.jpg,0,0,1,1,0,0,True
ID_7291.jpg,datasets/graphic_design_1/ID_7291.jpg,0,0,1,1,0,0,True
ID_1365.jpg,datasets/graphic_design_1/ID_1365.jpg,0,0,1,1,0,0,True
ID_7868.jpg,datasets/graphic_design_1/ID_7868.jpg,0,0,2,2,0,0,True
ID_5096.jpg,datasets/graphic_design_1/ID_5096.jpg,0,0,1,1,0,0,True
ID_4011.jpg,datasets/graphic_design_1/ID_4011.jpg,0,0,2,2,0,0,True
ID_4220.jpg,datasets/graphic_design_1/ID_4220.jpg,0,0,2,2,0,0,True
ID_4541.jpg,datasets/graphic_design_1/ID_4541.jpg,0,0,1,1,0,0,True
ID_4404.jpg,datasets/graphic_design_1/ID_4404.jpg,0,0,2,2,0,0,True
ID_4165.jpg,datasets/graphic_design_1/ID_4165.jpg,0,0,1,1,0,0,True
ID_8230.jpg,datasets/graphic_design_1/ID_8230.jpg,0,0,1,1,0,0,True
ID_7627.jpg,datasets/graphic_design_1/ID_7627.jpg,0,0,1,1,0,0,True
ID_8090.jpg,datasets/graphic_design_1/ID_8090.jpg,0,0,1,1,0,0,True
ID_6317.jpg,datasets/graphic_design_1/ID_6317.jpg,0,0,2,2,0,0,True
ID_7226.jpg,datasets/graphic_design_1/ID_7226.jpg,0,0,2,2,0,0,True
ID_4918.jpg,datasets/graphic_design_1/ID_4918.jpg,0,0,1,1,0,0,True
ID_7824.jpg,datasets/graphic_design_1/ID_7824.jpg,0,0,2,2,0,0,True
ID_5794.jpg,datasets/graphic_design_1/ID_5794.jpg,0,0,1,1,0,0,True
ID_4000.jpg,datasets/graphic_design_1/ID_4000.jpg,0,0,1,1,0,0,True
ID_4683.jpg,datasets/graphic_design_1/ID_4683.jpg,0,0,1,1,0,0,True
ID_7274.jpg,datasets/graphic_design_1/ID_7274.jpg,0,0,1,1,0,0,True
ID_8062.jpg,datasets/graphic_design_1/ID_8062.jpg,0,0,1,1,0,0,True
ID_7457.jpg,datasets/graphic_design_1/ID_7457.jpg,0,0,1,1,0,0,True
ID_8450.jpg,datasets/graphic_design_1/ID_8450.jpg,0,0,1,1,0,0,True
ID_5040.jpg,datasets/graphic_design_1/ID_5040.jpg,0,0,1,1,0,0,True
ID_1827.jpg,datasets/graphic_design_1/ID_1827.jpg,0,0,1,1,0,0,True
ID_2927.jpg,datasets/graphic_design_1/ID_2927.jpg,0,0,1,1,0,0,True
ID_5503.jpg,datasets/graphic_design_1/ID_5503.jpg,0,0,1,1,0,0,True
ID_2596.jpg,datasets/graphic_design_1/ID_2596.jpg,0,0,2,2,0,0,True
ID_6340.jpg,datasets/graphic_design_1/ID_6340.jpg,0,0,1,1,0,0,True
ID_5220.jpg,datasets/graphic_design_1/ID_5220.jpg,0,0,1,1,0,0,True
ID_4233.jpg,datasets/graphic_design_1/ID_4233.jpg,0,0,1,1,0,0,True
ID_7680.jpg,datasets/graphic_design_1/ID_7680.jpg,0,0,1,1,0,0,True
ID_7771.jpg,datasets/graphic_design_1/ID_7771.jpg,0,0,2,2,0,0,True
ID_7543.jpg,datasets/graphic_design_1/ID_7543.jpg,0,0,1,1,0,0,True
ID_4224.jpg,datasets/graphic_design_1/ID_4224.jpg,0,0,1,1,0,0,True
ID_7899.jpg,datasets/graphic_design_1/ID_7899.jpg,0,0,1,1,0,0,True
